genre,artist,track,week_1,week_2,week_3,week_4,week_5,week_6,week_7,week_8,week_9,week_10,week_11,week_12,week_13,week_14,week_15,week_16,week_17,week_18,week_19,week_20,week_21,week_22,week_23,week_24,week_25,week_26,week_27,week_28,week_29,week_30,week_31,week_32,week_33,week_34,week_35,week_36,week_37,week_38,week_39,week_40,week_41,week_42,week_43,week_44,week_45,week_46,week_47,week_48,week_49,week_50,week_51,week_52,week_53,week_54,week_55,week_56,week_57,week_58,week_59,week_60,week_61,week_62,week_63,week_64,week_65,week_66,week_67,week_68,week_69,week_70,week_71,week_72,week_73,week_74,week_75,week_76
Country,"Adkins, Trace",More,84.0,84.0,75.0,73.0,73.0,69.0,68.0,65.0,73.0,83.0,92.0,,,,,,,,,,,,,,,,,,,,,,,,,,,,,,,,,,,,,,,,,,,,,,,,,,,,,,,,,,,,,,,,,
Country,"Allan, Gary",Smoke Rings In The Dark,80.0,78.0,76.0,77.0,92.0,,,,,,,,,,,,,,,,,,,,,,,,,,,,,,,,,,,,,,,,,,,,,,,,,,,,,,,,,,,,,,,,,,,,,,,
Country,"Black, Clint",Been There,87.0,73.0,62.0,58.0,58.0,57.0,51.0,47.0,44.0,44.0,44.0,55.0,53.0,53.0,63.0,84.0,85.0,87.0,95.0,100.0,,,,,,,,,,,,,,,,,,,,,,,,,,,,,,,,,,,,,,,,,,,,,,,,,,,,,,,,
Country,"Brock, Chad",A Country Boy Can Survive,93.0,75.0,92.0,,,,,,,,,,,,,,,,,,,,,,,,,,,,,,,,,,,,,,,,,,,,,,,,,,,,,,,,,,,,,,,,,,,,,,,,,
Country,"Brock, Chad",Yes!,90.0,77.0,66.0,61.0,59.0,47.0,39.0,33.0,32.0,31.0,28.0,27.0,22.0,27.0,31.0,39.0,45.0,50.0,53.0,59.0,,,,,,,,,,,,,,,,,,,,,,,,,,,,,,,,,,,,,,,,,,,,,,,,,,,,,,,,
Country,Brooks & Dunn,You'll Always Be Loved By Me,95.0,85.0,85.0,85.0,83.0,83.0,82.0,74.0,74.0,68.0,62.0,56.0,56.0,55.0,62.0,71.0,86.0,100.0,98.0,,,,,,,,,,,,,,,,,,,,,,,,,,,,,,,,,,,,,,,,,,,,,,,,,,,,,,,,,
Country,"Brooks, Garth",Do What You Gotta Do,86.0,81.0,72.0,70.0,69.0,77.0,,,,,,,,,,,,,,,,,,,,,,,,,,,,,,,,,,,,,,,,,,,,,,,,,,,,,,,,,,,,,,,,,,,,,,
Country,"Byrd, Tracy",Put Your Hand In Mine,81.0,77.0,76.0,76.0,86.0,88.0,92.0,99.0,,,,,,,,,,,,,,,,,,,,,,,,,,,,,,,,,,,,,,,,,,,,,,,,,,,,,,,,,,,,,,,,,,,,
Country,"Cagle, Chris",My Love Goes On And On,99.0,94.0,94.0,87.0,84.0,83.0,76.0,76.0,79.0,83.0,91.0,,,,,,,,,,,,,,,,,,,,,,,,,,,,,,,,,,,,,,,,,,,,,,,,,,,,,,,,,,,,,,,,,
Country,"Chesney, Kenny",I Lost It,75.0,67.0,61.0,58.0,58.0,53.0,47.0,47.0,40.0,34.0,36.0,45.0,42.0,45.0,60.0,70.0,82.0,88.0,89.0,92.0,,,,,,,,,,,,,,,,,,,,,,,,,,,,,,,,,,,,,,,,,,,,,,,,,,,,,,,,
Country,"Chesney, Kenny",What I Need To Do,79.0,74.0,68.0,72.0,69.0,69.0,62.0,58.0,57.0,57.0,56.0,56.0,56.0,72.0,80.0,93.0,95.0,,,,,,,,,,,,,,,,,,,,,,,,,,,,,,,,,,,,,,,,,,,,,,,,,,,,,,,,,,,
Country,Clark Family Experience,Meanwhile Back At The Ranch,87.0,86.0,81.0,92.0,80.0,80.0,82.0,84.0,82.0,81.0,85.0,91.0,,,,,,,,,,,,,,,,,,,,,,,,,,,,,,,,,,,,,,,,,,,,,,,,,,,,,,,,,,,,,,,,
Country,"Clark, Terri",A Little Gasoline,75.0,82.0,88.0,96.0,99.0,99.0,,,,,,,,,,,,,,,,,,,,,,,,,,,,,,,,,,,,,,,,,,,,,,,,,,,,,,,,,,,,,,,,,,,,,,
Country,"Cyrus, Billy Ray",You Won't Be Lonely Now,97.0,97.0,97.0,92.0,91.0,88.0,85.0,80.0,82.0,80.0,80.0,89.0,95.0,,,,,,,,,,,,,,,,,,,,,,,,,,,,,,,,,,,,,,,,,,,,,,,,,,,,,,,,,,,,,,,
Country,"Davidson, Clay",Unconditional,97.0,97.0,97.0,90.0,83.0,78.0,74.0,69.0,60.0,56.0,54.0,50.0,49.0,55.0,52.0,51.0,51.0,62.0,63.0,83.0,,,,,,,,,,,,,,,,,,,,,,,,,,,,,,,,,,,,,,,,,,,,,,,,,,,,,,,,
Country,"Diffie, Joe",It's Always Somethin',81.0,78.0,67.0,63.0,60.0,57.0,63.0,69.0,78.0,85.0,92.0,92.0,,99.0,100.0,,,,,,,,,,,,,,,,,,,,,,,,,,,,,,,,,,,,,,,,,,,,,,,,,,,,,,,,,,,,,
Country,"Diffie, Joe",The Quittin' Kind,98.0,100.0,100.0,90.0,93.0,94.0,,,,,,,,,,,,,,,,,,,,,,,,,,,,,,,,,,,,,,,,,,,,,,,,,,,,,,,,,,,,,,,,,,,,,,
Country,"Dixie Chicks, The",Cold Day In July,80.0,79.0,76.0,72.0,68.0,68.0,65.0,70.0,84.0,91.0,,,,,,,,,,,,,,,,,,,,,,,,,,,,,,,,,,,,,,,,,,,,,,,,,,,,,,,,,,,,,,,,,,
Country,"Dixie Chicks, The",Cowboy Take Me Away,79.0,72.0,70.0,61.0,52.0,52.0,52.0,39.0,31.0,27.0,27.0,27.0,31.0,37.0,40.0,47.0,51.0,56.0,59.0,59.0,,,,,,,,,,,,,,,,,,,,,,,,,,,,,,,,,,,,,,,,,,,,,,,,,,,,,,,,
Country,"Dixie Chicks, The",Goodbye Earl,40.0,29.0,24.0,24.0,20.0,20.0,20.0,19.0,38.0,61.0,86.0,88.0,96.0,96.0,98.0,,,,,,,,,,,,,,,,,,,,,,,,,,,,,,,,,,,,,,,,,,,,,,,,,,,,,,,,,,,,,
Country,"Dixie Chicks, The",Without You,80.0,70.0,63.0,56.0,50.0,49.0,48.0,46.0,41.0,40.0,35.0,31.0,33.0,44.0,36.0,35.0,37.0,43.0,51.0,54.0,,,,,,,,,,,,,,,,,,,,,,,,,,,,,,,,,,,,,,,,,,,,,,,,,,,,,,,,
Country,"Evans, Sara",Born To Fly,77.0,71.0,64.0,57.0,55.0,51.0,46.0,44.0,36.0,39.0,34.0,46.0,44.0,36.0,42.0,53.0,58.0,74.0,81.0,86.0,,,,,,,,,,,,,,,,,,,,,,,,,,,,,,,,,,,,,,,,,,,,,,,,,,,,,,,,
Country,"Gill, Vince",Feels Like Love,82.0,76.0,74.0,73.0,73.0,65.0,59.0,58.0,54.0,54.0,53.0,52.0,55.0,52.0,57.0,76.0,91.0,99.0,,91.0,89.0,,,,,,,,,,,,,,,,,,,,,,,,,,,,,,,,,,,,,,,,,,,,,,,,,,,,,,,
Country,"Gilman, Billy",One Voice,86.0,86.0,82.0,72.0,65.0,56.0,56.0,55.0,44.0,44.0,43.0,38.0,40.0,44.0,61.0,77.0,85.0,95.0,97.0,,,,,,,,,,,,,,,,,,,,,,,,,,,,,,,,,,,,,,,,,,,,,,,,,,,,,,,,,
Country,"Griggs, Andy",She's More,81.0,76.0,69.0,67.0,62.0,55.0,52.0,51.0,51.0,48.0,47.0,43.0,42.0,37.0,41.0,50.0,69.0,73.0,77.0,85.0,,,,,,,,,,,,,,,,,,,,,,,,,,,,,,,,,,,,,,,,,,,,,,,,,,,,,,,,
Country,Hanson,This Time Around,22.0,22.0,20.0,45.0,87.0,71.0,95.0,,,,,,,,,,,,,,,,,,,,,,,,,,,,,,,,,,,,,,,,,,,,,,,,,,,,,,,,,,,,,,,,,,,,,
Country,"Hart, Beth",L.A. Song,99.0,100.0,98.0,99.0,99.0,99.0,98.0,90.0,99.0,97.0,91.0,97.0,,,,,,,,,,,,,,,,,,,,,,,,,,,,,,,,,,,,,,,,,,,,,,,,,,,,,,,,,,,,,,,,
Country,"Heatherly, Eric",Flowers On The Wall,95.0,88.0,88.0,82.0,82.0,77.0,72.0,67.0,65.0,65.0,65.0,60.0,60.0,53.0,51.0,50.0,57.0,77.0,83.0,89.0,,,,,,,,,,,,,,,,,,,,,,,,,,,,,,,,,,,,,,,,,,,,,,,,,,,,,,,,
Country,"Herndon, Ty",No Mercy,100.0,99.0,99.0,,,98.0,94.0,92.0,95.0,96.0,,,,,,,,,,,,,,,,,,,,,,,,,,,,,,,,,,,,,,,,,,,,,,,,,,,,,,,,,,,,,,,,,,
Country,"Jackson, Alan",It Must Be Love,76.0,74.0,68.0,63.0,57.0,49.0,44.0,39.0,39.0,38.0,37.0,37.0,40.0,47.0,62.0,64.0,75.0,80.0,84.0,89.0,,,,,,,,,,,,,,,,,,,,,,,,,,,,,,,,,,,,,,,,,,,,,,,,,,,,,,,,
Country,"Jackson, Alan",Pop A Top,79.0,73.0,70.0,64.0,63.0,57.0,55.0,55.0,63.0,52.0,43.0,47.0,55.0,78.0,95.0,100.0,,100.0,,,,,,,,,,,,,,,,,,,,,,,,,,,,,,,,,,,,,,,,,,,,,,,,,,,,,,,,,,
Country,"Jackson, Alan",www.memory,75.0,59.0,59.0,54.0,50.0,49.0,47.0,45.0,49.0,69.0,63.0,67.0,77.0,89.0,99.0,,,,,,,,,,,,,,,,,,,,,,,,,,,,,,,,,,,,,,,,,,,,,,,,,,,,,,,,,,,,,
Country,"Keith, Toby",Country Comes To Town,82.0,78.0,75.0,69.0,66.0,62.0,59.0,58.0,55.0,55.0,54.0,62.0,81.0,95.0,93.0,,,,,,,,,,,,,,,,,,,,,,,,,,,,,,,,,,,,,,,,,,,,,,,,,,,,,,,,,,,,,
Country,"Keith, Toby",How Do You Like Me Now?!,77.0,72.0,59.0,53.0,45.0,43.0,41.0,36.0,36.0,32.0,31.0,31.0,35.0,35.0,38.0,43.0,45.0,51.0,52.0,54.0,,,,,,,,,,,,,,,,,,,,,,,,,,,,,,,,,,,,,,,,,,,,,,,,,,,,,,,,
Country,"Lawrence, Tracy",Lessons Learned,80.0,73.0,61.0,61.0,48.0,48.0,48.0,48.0,44.0,42.0,40.0,40.0,50.0,66.0,81.0,93.0,94.0,99.0,99.0,100.0,,,,,,,,,,,,,,,,,,,,,,,,,,,,,,,,,,,,,,,,,,,,,,,,,,,,,,,,
Country,Lonestar,Amazed,81.0,54.0,44.0,39.0,38.0,33.0,29.0,29.0,32.0,27.0,26.0,24.0,27.0,32.0,33.0,35.0,35.0,40.0,43.0,50.0,,,,,,,,,,45.0,45.0,45.0,23.0,17.0,14.0,17.0,18.0,18.0,3.0,1.0,1.0,2.0,3.0,4.0,4.0,5.0,6.0,8.0,9.0,10.0,12.0,15.0,20.0,22.0,22.0,25.0,26.0,31.0,32.0,37.0,42.0,42.0,45.0,50.0,,,,,,,,,,,,
Country,Lonestar,Smile,89.0,80.0,80.0,80.0,65.0,47.0,44.0,42.0,39.0,39.0,43.0,41.0,43.0,45.0,50.0,58.0,67.0,78.0,85.0,91.0,,,,,,,,,,,,,,,,,,,,,,,,,,,,,,,,,,,,,,,,,,,,,,,,,,,,,,,,
Country,Lonestar,What About Now,78.0,72.0,66.0,64.0,56.0,50.0,47.0,39.0,37.0,34.0,30.0,30.0,35.0,36.0,37.0,43.0,54.0,60.0,61.0,69.0,,,,,,,,,,,,,,,,,,,,,,,,,,,,,,,,,,,,,,,,,,,,,,,,,,,,,,,,
Country,"Loveless, Patty",That's The Kind Of Mood I'm In,98.0,93.0,93.0,93.0,88.0,88.0,82.0,81.0,73.0,71.0,71.0,72.0,85.0,91.0,,,,,,,,,,,,,,,,,,,,,,,,,,,,,,,,,,,,,,,,,,,,,,,,,,,,,,,,,,,,,,
Country,"McBride, Martina",Love's The Only House,79.0,69.0,65.0,58.0,53.0,52.0,52.0,48.0,45.0,43.0,42.0,42.0,50.0,60.0,64.0,75.0,91.0,93.0,92.0,90.0,,,,,,,,,,,,,,,,,,,,,,,,,,,,,,,,,,,,,,,,,,,,,,,,,,,,,,,,
Country,"McBride, Martina",There You Are,79.0,75.0,75.0,75.0,73.0,64.0,60.0,60.0,60.0,63.0,63.0,82.0,92.0,,,,,,,,,,,,,,,,,,,,,,,,,,,,,,,,,,,,,,,,,,,,,,,,,,,,,,,,,,,,,,,
Country,"McEntire, Reba",I'll Be,89.0,79.0,79.0,72.0,69.0,64.0,61.0,57.0,55.0,55.0,52.0,51.0,53.0,60.0,81.0,84.0,93.0,91.0,94.0,100.0,,,,,,,,,,,,,,,,,,,,,,,,,,,,,,,,,,,,,,,,,,,,,,,,,,,,,,,,
Country,"McEntire, Reba",What Do You Say,88.0,76.0,71.0,71.0,69.0,63.0,56.0,51.0,46.0,46.0,53.0,43.0,33.0,31.0,34.0,41.0,50.0,60.0,68.0,71.0,,,,,,,,,,,,,,,,,,,,,,,,,,,,,,,,,,,,,,,,,,,,,,,,,,,,,,,,
Country,"McGraw, Tim",My Best Friend,85.0,76.0,71.0,64.0,54.0,54.0,55.0,46.0,38.0,29.0,29.0,33.0,32.0,31.0,36.0,38.0,39.0,41.0,46.0,49.0,48.0,,,,,,,,,,,,,,,,,,,,,,,,,,,,,,,,,,,,,,,,,,,,,,,,,,,,,,,
Country,"McGraw, Tim",My Next Thirty Years,73.0,62.0,56.0,52.0,46.0,40.0,36.0,31.0,27.0,27.0,28.0,40.0,33.0,33.0,39.0,40.0,48.0,53.0,58.0,62.0,,,,,,,,,,,,,,,,,,,,,,,,,,,,,,,,,,,,,,,,,,,,,,,,,,,,,,,,
Country,"McGraw, Tim",Some Things Never Change,76.0,66.0,66.0,65.0,63.0,60.0,60.0,58.0,58.0,58.0,58.0,59.0,70.0,93.0,,,,,,,,,,,,,,,,,,,,,,,,,,,,,,,,,,,,,,,,,,,,,,,,,,,,,,,,,,,,,,
Country,"Messina, Jo Dee",Because You Love Me,83.0,78.0,71.0,71.0,66.0,55.0,53.0,57.0,61.0,61.0,61.0,72.0,93.0,,,,,,,,,,,,,,,,,,,,,,,,,,,,,,,,,,,,,,,,,,,,,,,,,,,,,,,,,,,,,,,
Country,"Messina, Jo Dee",That's The Way,78.0,67.0,63.0,54.0,50.0,44.0,38.0,30.0,27.0,25.0,31.0,28.0,30.0,28.0,32.0,35.0,48.0,46.0,51.0,59.0,,,,,,,,,,,,,,,,,,,,,,,,,,,,,,,,,,,,,,,,,,,,,,,,,,,,,,,,
Country,Montgomery Gentry,Daddy Won't Sell The Farm,87.0,83.0,81.0,79.0,81.0,96.0,,,,,,,,,,,,,,,,,,,,,,,,,,,,,,,,,,,,,,,,,,,,,,,,,,,,,,,,,,,,,,,,,,,,,,
Country,"Montgomery, John Michael",The Little Girl,81.0,67.0,64.0,56.0,45.0,41.0,41.0,35.0,35.0,38.0,37.0,42.0,45.0,50.0,57.0,63.0,62.0,83.0,74.0,74.0,,,,,,,,,,,,,,,,,,,,,,,,,,,,,,,,,,,,,,,,,,,,,,,,,,,,,,,,
Country,"Paisley, Brad",Me Neither,87.0,85.0,90.0,92.0,,,,,,,,,,,,,,,,,,,,,,,,,,,,,,,,,,,,,,,,,,,,,,,,,,,,,,,,,,,,,,,,,,,,,,,,
Country,"Paisley, Brad",We Danced,71.0,68.0,52.0,52.0,45.0,42.0,39.0,34.0,34.0,29.0,36.0,42.0,55.0,53.0,57.0,64.0,72.0,84.0,83.0,86.0,,,,,,,,,,,,,,,,,,,,,,,,,,,,,,,,,,,,,,,,,,,,,,,,,,,,,,,,
Country,Rascal Flatts,Prayin' For Daylight,87.0,78.0,72.0,68.0,66.0,64.0,58.0,58.0,56.0,54.0,49.0,46.0,46.0,41.0,38.0,38.0,47.0,65.0,72.0,77.0,,,,,,,,,,,,,,,,,,,,,,,,,,,,,,,,,,,,,,,,,,,,,,,,,,,,,,,,
Country,"Raye, Collin",Couldn't Last A Moment,91.0,85.0,75.0,73.0,67.0,63.0,63.0,63.0,56.0,49.0,48.0,46.0,44.0,44.0,43.0,45.0,53.0,66.0,73.0,89.0,,,,,,,,,,,,,,,,,,,,,,,,,,,,,,,,,,,,,,,,,,,,,,,,,,,,,,,,
Country,"Rimes, LeAnn",Big Deal,71.0,52.0,51.0,51.0,51.0,48.0,41.0,37.0,29.0,26.0,26.0,23.0,30.0,28.0,27.0,25.0,31.0,43.0,56.0,70.0,,,,,,,,,,,,,,,,,,,,,,,,,,,,,,,,,,,,,,,,,,,,,,,,,,,,,,,,
Country,"Rimes, LeAnn",Can't Fight The Moonlight,82.0,71.0,79.0,83.0,96.0,99.0,78.0,78.0,83.0,79.0,77.0,76.0,79.0,81.0,88.0,85.0,86.0,79.0,87.0,93.0,,,,,,,,,,,,,,,,,,,,,,,,,,,,,,,,,,,,,,,,,,,,,,,,,,,,,,,,
Country,"Rimes, LeAnn",I Need You,77.0,68.0,67.0,63.0,59.0,59.0,59.0,53.0,51.0,50.0,13.0,11.0,11.0,15.0,12.0,12.0,13.0,16.0,19.0,21.0,21.0,24.0,25.0,30.0,41.0,,,,,,,,,,,,,,,,,,,,,,,,,,,,,,,,,,,,,,,,,,,,,,,,,,,
Country,"Rogers, Kenny",Buy Me A Rose,79.0,72.0,65.0,65.0,54.0,46.0,46.0,43.0,40.0,40.0,46.0,54.0,58.0,66.0,73.0,82.0,86.0,84.0,88.0,91.0,,,,,,,,,,,,,,,,,,,,,,,,,,,,,,,,,,,,,,,,,,,,,,,,,,,,,,,,
Country,SheDaisy,Deck The Halls,97.0,61.0,,,,,,,,,,,,,,,,,,,,,,,,,,,,,,,,,,,,,,,,,,,,,,,,,,,,,,,,,,,,,,,,,,,,,,,,,,
Country,SheDaisy,I Will.. But,78.0,74.0,70.0,61.0,59.0,52.0,48.0,47.0,45.0,43.0,44.0,43.0,52.0,56.0,70.0,80.0,86.0,81.0,85.0,87.0,,,,,,,,,,,,,,,,,,,,,,,,,,,,,,,,,,,,,,,,,,,,,,,,,,,,,,,,
Country,SheDaisy,This Woman Needs,82.0,70.0,70.0,67.0,57.0,57.0,61.0,68.0,82.0,,,,,,,,,,,,,,,,,,,,,,,,,,,,,,,,,,,,,,,,,,,,,,,,,,,,,,,,,,,,,,,,,,,
Country,"Strait, George",Go On,71.0,67.0,63.0,56.0,53.0,48.0,46.0,46.0,44.0,40.0,44.0,46.0,49.0,56.0,56.0,71.0,78.0,88.0,95.0,,97.0,,,,,,,,,,,,,,,,,,,,,,,,,,,,,,,,,,,,,,,,,,,,,,,,,,,,,,,
Country,"Strait, George",The Best Day,73.0,64.0,54.0,45.0,44.0,44.0,44.0,41.0,39.0,34.0,33.0,33.0,31.0,33.0,36.0,39.0,43.0,49.0,53.0,62.0,,,,,,,,,,,,,,,,,,,,,,,,,,,,,,,,,,,,,,,,,,,,,,,,,,,,,,,,
Country,"Tippin, Aaron",Kiss This,74.0,72.0,66.0,53.0,52.0,47.0,47.0,45.0,42.0,46.0,51.0,60.0,68.0,69.0,78.0,94.0,87.0,92.0,97.0,99.0,,,,,,,,,,,,,,,,,,,,,,,,,,,,,,,,,,,,,,,,,,,,,,,,,,,,,,,,
Country,"Tritt, Travis",Best Of Intentions,97.0,86.0,79.0,70.0,63.0,56.0,50.0,48.0,51.0,38.0,33.0,31.0,28.0,28.0,28.0,27.0,29.0,31.0,37.0,45.0,49.0,48.0,,,,,,,,,,,,,,,,,,,,,,,,,,,,,,,,,,,,,,,,,,,,,,,,,,,,,,
Country,"Urban, Keith",Your Everything,81.0,80.0,73.0,73.0,67.0,64.0,60.0,59.0,53.0,51.0,55.0,66.0,84.0,90.0,96.0,100.0,,,,,,,,,,,,,,,,,,,,,,,,,,,,,,,,,,,,,,,,,,,,,,,,,,,,,,,,,,,,
Country,"Vassar, Phil",Carlene,75.0,67.0,64.0,64.0,57.0,53.0,47.0,45.0,45.0,50.0,52.0,56.0,59.0,78.0,83.0,84.0,91.0,96.0,93.0,,,,,,,,,,,,,,,,,,,,,,,,,,,,,,,,,,,,,,,,,,,,,,,,,,,,,,,,,
Country,"Vassar, Phil",Just Another Day In Paradise,81.0,81.0,76.0,67.0,53.0,46.0,43.0,38.0,36.0,35.0,43.0,41.0,46.0,51.0,62.0,58.0,63.0,70.0,74.0,79.0,,,,,,,,,,,,,,,,,,,,,,,,,,,,,,,,,,,,,,,,,,,,,,,,,,,,,,,,
Country,"Walker, Clay","Live, Laugh, Love",95.0,95.0,94.0,94.0,94.0,95.0,82.0,74.0,79.0,92.0,98.0,,,,,,,,,,,,,,,,,,,,,,,,,,,,,,,,,,,,,,,,,,,,,,,,,,,,,,,,,,,,,,,,,
Country,"Walker, Clay",The Chain Of Love,73.0,65.0,57.0,57.0,51.0,48.0,44.0,43.0,40.0,45.0,44.0,53.0,57.0,68.0,71.0,81.0,90.0,94.0,94.0,95.0,,,,,,,,,,,,,,,,,,,,,,,,,,,,,,,,,,,,,,,,,,,,,,,,,,,,,,,,
Country,"Wills, Mark",Back At One,89.0,55.0,51.0,43.0,37.0,37.0,36.0,39.0,42.0,46.0,45.0,52.0,64.0,74.0,84.0,90.0,94.0,99.0,,,,,,,,,,,,,,,,,,,,,,,,,,,,,,,,,,,,,,,,,,,,,,,,,,,,,,,,,,
Country,"Worley, Darryl",When You Need My Love,98.0,88.0,93.0,92.0,85.0,85.0,84.0,80.0,80.0,80.0,80.0,75.0,78.0,86.0,99.0,,,,,,,,,,,,,,,,,,,,,,,,,,,,,,,,,,,,,,,,,,,,,,,,,,,,,,,,,,,,,
Country,Yankee Grey,Another Nine Minutes,86.0,83.0,77.0,74.0,83.0,79.0,88.0,95.0,,,,,,,,,,,,,,,,,,,,,,,,,,,,,,,,,,,,,,,,,,,,,,,,,,,,,,,,,,,,,,,,,,,,
Country,"Yearwood, Trisha",Real Live Woman,85.0,83.0,83.0,82.0,81.0,91.0,,,,,,,,,,,,,,,,,,,,,,,,,,,,,,,,,,,,,,,,,,,,,,,,,,,,,,,,,,,,,,,,,,,,,,
Electronica,Alice Deejay,Better Off Alone,79.0,65.0,53.0,48.0,45.0,36.0,34.0,29.0,27.0,30.0,36.0,37.0,39.0,49.0,57.0,63.0,65.0,68.0,79.0,86.0,,,,,,,,,,,,,,,,,,,,,,,,,,,,,,,,,,,,,,,,,,,,,,,,,,,,,,,,
Electronica,Eiffel 65,Blue (Da Ba Dee),67.0,29.0,16.0,16.0,13.0,11.0,9.0,6.0,7.0,9.0,13.0,19.0,21.0,24.0,32.0,42.0,56.0,60.0,76.0,88.0,,,,,,,,,,,,,,,,,,,,,,,,,,,,,,,,,,,,,,,,,,,,,,,,,,,,,,,,
Electronica,Fatboy Slim,The Rockafeller Skank,94.0,94.0,94.0,87.0,77.0,77.0,83.0,82.0,82.0,92.0,76.0,95.0,,,,,,,,,,,,,,,,,,,,,,,,,,,,,,,,,,,,,,,,,,,,,,,,,,,,,,,,,,,,,,,,
Electronica,Madison Avenue,Don't Call Me Baby,98.0,96.0,93.0,93.0,93.0,92.0,92.0,92.0,90.0,92.0,88.0,88.0,88.0,95.0,93.0,98.0,93.0,92.0,90.0,97.0,,,,,,,,,,,,,,,,,,,,,,,,,,,,,,,,,,,,,,,,,,,,,,,,,,,,,,,,
Gospel,"Adams, Yolanda",Open My Heart,76.0,76.0,74.0,69.0,68.0,67.0,61.0,58.0,57.0,59.0,66.0,68.0,61.0,67.0,59.0,63.0,67.0,71.0,79.0,89.0,,,,,,,,,,,,,,,,,,,,,,,,,,,,,,,,,,,,,,,,,,,,,,,,,,,,,,,,
Jazz,Kenny G,Auld Lang Syne (The Millenium Mix),89.0,89.0,7.0,8.0,66.0,,,,,,,,,,,,,,,,,,,,,,,,,,,,,,,,,,,,,,,,,,,,,,,,,,,,,,,,,,,,,,,,,,,,,,,
Latin,"Anthony, Marc",My Baby You,82.0,76.0,76.0,70.0,82.0,81.0,74.0,80.0,76.0,76.0,73.0,74.0,87.0,83.0,89.0,93.0,94.0,94.0,91.0,90.0,,,,,,,,,,,,,,,,,,,,,,,,,,,,,,,,,,,,,,,,,,,,,,,,,,,,,,,,
Latin,"Anthony, Marc",You Sang To Me,77.0,54.0,50.0,43.0,30.0,27.0,21.0,18.0,15.0,13.0,13.0,13.0,13.0,5.0,2.0,2.0,5.0,7.0,9.0,12.0,12.0,16.0,20.0,20.0,22.0,25.0,26.0,29.0,35.0,33.0,40.0,44.0,,,,,,,,,,,,,,,,,,,,,,,,,,,,,,,,,,,,,,,,,,,,
Latin,"Iglesias, Enrique",Be With You,63.0,45.0,34.0,23.0,17.0,12.0,9.0,8.0,8.0,6.0,5.0,4.0,1.0,1.0,1.0,3.0,11.0,14.0,24.0,28.0,,,,,,,,,,,,,,,,,,,,,,,,,,,,,,,,,,,,,,,,,,,,,,,,,,,,,,,,
Latin,"Iglesias, Enrique",Rhythm Divine,90.0,84.0,79.0,67.0,67.0,39.0,33.0,32.0,38.0,38.0,49.0,51.0,61.0,61.0,66.0,88.0,96.0,,,,,,,,,,,,,,,,,,,,,,,,,,,,,,,,,,,,,,,,,,,,,,,,,,,,,,,,,,,
Latin,"Lopez, Jennifer",Feelin' Good,79.0,79.0,66.0,54.0,54.0,54.0,54.0,51.0,61.0,79.0,96.0,,,64.0,74.0,73.0,79.0,82.0,96.0,,,,,,,,,,,,,,,,,,,,,,,,,,,,,,,,,,,,,,,,,,,,,,,,,,,,,,,,,
Latin,"Martin, Ricky",Private Emotion,76.0,67.0,71.0,78.0,89.0,,,,,,,,,,,,,,,,,,,,,,,,,,,,,,,,,,,,,,,,,,,,,,,,,,,,,,,,,,,,,,,,,,,,,,,
Latin,"Martin, Ricky",Shake Your Bon-Bon,74.0,66.0,52.0,39.0,39.0,39.0,39.0,46.0,47.0,54.0,91.0,28.0,22.0,33.0,46.0,70.0,87.0,93.0,,,,,,,,,,,,,,,,,,,,,,,,,,,,,,,,,,,,,,,,,,,,,,,,,,,,,,,,,,
Latin,"Martin, Ricky",She Bangs,38.0,28.0,21.0,21.0,18.0,16.0,13.0,13.0,12.0,20.0,22.0,29.0,43.0,54.0,55.0,73.0,92.0,100.0,,,,,,,,,,,,,,,,,,,,,,,,,,,,,,,,,,,,,,,,,,,,,,,,,,,,,,,,,,
Latin,Son By Four,A Puro Dolor (Purest Of Pain),80.0,80.0,80.0,79.0,72.0,73.0,65.0,64.0,60.0,60.0,48.0,48.0,48.0,43.0,35.0,32.0,30.0,32.0,37.0,26.0,31.0,28.0,30.0,32.0,39.0,35.0,,,,,,,,,,,,,,,,,,,,,,,,,,,,,,,,,,,,,,,,,,,,,,,,,,
Pop,A*Teens,Dancing Queen,97.0,97.0,96.0,95.0,100.0,,,,,,,,,,,,,,,,,,,,,,,,,,,,,,,,,,,,,,,,,,,,,,,,,,,,,,,,,,,,,,,,,,,,,,,
Pop,Anastacia,I'm Outta Love,92.0,,,95.0,,,,,,,,97.0,,,,,,,,,,,,,,,,,,,,,,,,,,,,,,,,,,,,,,,,,,,,,,,,,,,,,,,,,,,,,,,,
Pop,Blaque,Bring It All To Me,73.0,63.0,50.0,42.0,24.0,19.0,17.0,14.0,11.0,9.0,9.0,9.0,10.0,5.0,5.0,6.0,8.0,9.0,15.0,15.0,18.0,17.0,18.0,19.0,19.0,22.0,26.0,32.0,42.0,,,,,,,,,,,,,,,,,,,,,,,,,,,,,,,,,,,,,,,,,,,,,,,
Pop,"Fabian, Lara",I Will Love Again,91.0,80.0,75.0,61.0,60.0,52.0,45.0,40.0,36.0,32.0,37.0,45.0,68.0,80.0,80.0,89.0,96.0,,,,,,,,,,,,,,,,,,,,,,,,,,,,,,,,,,,,,,,,,,,,,,,,,,,,,,,,,,,
Pop,Hoku,Another Dumb Blonde,69.0,49.0,49.0,34.0,34.0,34.0,30.0,27.0,36.0,41.0,53.0,56.0,80.0,100.0,,,,,,,,,,,,,,,,,,,,,,,,,,,,,,,,,,,,,,,,,,,,,,,,,,,,,,,,,,,,,,
Pop,M2M,Don't Say You Love Me,72.0,53.0,62.0,46.0,54.0,44.0,44.0,21.0,64.0,92.0,98.0,98.0,,,,,,,,,,,,,,,,,,,,,,,,,,,,,,,,,,,,,,,,,,,,,,,,,,,,,,,,,,,,,,,,
Pop,M2M,Mirror Mirror,87.0,87.0,94.0,91.0,75.0,68.0,65.0,86.0,62.0,70.0,74.0,70.0,70.0,80.0,82.0,87.0,90.0,96.0,,,,,,,,,,,,,,,,,,,,,,,,,,,,,,,,,,,,,,,,,,,,,,,,,,,,,,,,,,
Pop,"Moore, Mandy",I Wanna Be With You,69.0,63.0,54.0,50.0,45.0,42.0,31.0,28.0,24.0,34.0,42.0,53.0,65.0,66.0,77.0,94.0,99.0,,,,,93.0,91.0,91.0,90.0,89.0,86.0,,,,,,,,,,,,,,,,,,,,,,,,,,,,,,,,,,,,,,,,,,,,,,,,,
Pop,"Simpson, Jessica",I Think I'm In Love With You,63.0,52.0,44.0,29.0,25.0,23.0,21.0,21.0,21.0,27.0,38.0,38.0,57.0,74.0,89.0,96.0,,,,,,,,,,,,,,,,,,,,,,,,,,,,,,,,,,,,,,,,,,,,,,,,,,,,,,,,,,,,
R&B,2Ge+her,The Hardest Part Of Breaking Up (Is Getting Back Your Stuff),91.0,87.0,92.0,,,,,,,,,,,,,,,,,,,,,,,,,,,,,,,,,,,,,,,,,,,,,,,,,,,,,,,,,,,,,,,,,,,,,,,,,
R&B,Baha Men,Who Let The Dogs Out,99.0,92.0,85.0,76.0,65.0,54.0,61.0,58.0,54.0,54.0,53.0,53.0,43.0,40.0,44.0,41.0,51.0,65.0,78.0,84.0,,,,,,,,,,,,,,,,,,,,,,,,,,,,,,,,,,,,,,,,,,,,,,,,,,,,,,,,
R&B,Bloodhound Gang,The Bad Touch,70.0,62.0,55.0,55.0,52.0,57.0,72.0,80.0,82.0,92.0,96.0,98.0,,,,,,,,,,,,,,,,,,,,,,,,,,,,,,,,,,,,,,,,,,,,,,,,,,,,,,,,,,,,,,,,
R&B,"Carter, Aaron",Aaron's Party (Come Get It),99.0,75.0,57.0,35.0,35.0,37.0,43.0,79.0,51.0,55.0,67.0,83.0,86.0,92.0,100.0,,,,,,,,,,,,,,,,,,,,,,,,,,,,,,,,,,,,,,,,,,,,,,,,,,,,,,,,,,,,,
R&B,D'Angelo,Left & Right,93.0,77.0,75.0,70.0,91.0,,,,,,,,,,,,,,,,,,,,,,,,,,,,,,,,,,,,,,,,,,,,,,,,,,,,,,,,,,,,,,,,,,,,,,,
R&B,D'Angelo,Untitled (How Does It Feel),77.0,56.0,35.0,26.0,25.0,25.0,28.0,28.0,31.0,35.0,39.0,44.0,51.0,60.0,73.0,79.0,94.0,,,,,,,,,,,,,,,,,,,,,,,,,,,,,,,,,,,,,,,,,,,,,,,,,,,,,,,,,,,
R&B,Fragma,Toca's Miracle,99.0,,,,,,,,,,,,,,,,,,,,,,,,,,,,,,,,,,,,,,,,,,,,,,,,,,,,,,,,,,,,,,,,,,,,,,,,,,,
R&B,Ghostface Killah,Cherchez LaGhost,98.0,,,,,,,,,,,,,,,,,,,,,,,,,,,,,,,,,,,,,,,,,,,,,,,,,,,,,,,,,,,,,,,,,,,,,,,,,,,
R&B,Guy,Dancin',46.0,29.0,19.0,22.0,36.0,44.0,58.0,58.0,68.0,75.0,94.0,,,,,,,,,,,,,,,,,,,,,,,,,,,,,,,,,,,,,,,,,,,,,,,,,,,,,,,,,,,,,,,,,
R&B,Ideal,Whatever,75.0,75.0,67.0,73.0,64.0,56.0,54.0,54.0,54.0,48.0,47.0,50.0,60.0,68.0,73.0,81.0,92.0,90.0,,,,,,,,,,,,,,,,,,,,,,,,,,,,,,,,,,,,,,,,,,,,,,,,,,,,,,,,,,
R&B,J-Shin,One Night Stand,96.0,96.0,69.0,74.0,72.0,62.0,49.0,45.0,38.0,34.0,38.0,45.0,47.0,58.0,68.0,88.0,99.0,,,,,,,,,,,,,,,,,,,,,,,,,,,,,,,,,,,,,,,,,,,,,,,,,,,,,,,,,,,
R&B,Kelis,Caught Out There,84.0,68.0,67.0,63.0,63.0,54.0,56.0,59.0,68.0,67.0,75.0,90.0,,,,,,,,,,,,,,,,,,,,,,,,,,,,,,,,,,,,,,,,,,,,,,,,,,,,,,,,,,,,,,,,
R&B,Kumbia Kings,U Don't Love Me,81.0,64.0,62.0,67.0,70.0,70.0,75.0,87.0,89.0,100.0,,,,,,,,,,,,,,,,,,,,,,,,,,,,,,,,,,,,,,,,,,,,,,,,,,,,,,,,,,,,,,,,,,
R&B,"Larrieux, Amel",Get Up,100.0,97.0,97.0,,,,,,,,,,,,,,,,,,,,,,,,,,,,,,,,,,,,,,,,,,,,,,,,,,,,,,,,,,,,,,,,,,,,,,,,,
R&B,"Levert, Gerald",Baby U Are,96.0,89.0,92.0,96.0,96.0,,,,,,,,,,,,,,,,,,,,,,,,,,,,,,,,,,,,,,,,,,,,,,,,,,,,,,,,,,,,,,,,,,,,,,,
R&B,"Levert, Gerald",Mr. Too Damn Good,84.0,83.0,83.0,76.0,86.0,86.0,88.0,97.0,,,,,,,,,,,,,,,,,,,,,,,,,,,,,,,,,,,,,,,,,,,,,,,,,,,,,,,,,,,,,,,,,,,,
R&B,Lucy Pearl,Dance Tonight,80.0,75.0,63.0,59.0,55.0,49.0,42.0,42.0,40.0,40.0,36.0,43.0,46.0,54.0,72.0,84.0,84.0,86.0,92.0,,,,,,,,,,,,,,,,,,,,,,,,,,,,,,,,,,,,,,,,,,,,,,,,,,,,,,,,,
R&B,Nas,You Owe Me,74.0,72.0,68.0,59.0,59.0,59.0,67.0,67.0,63.0,69.0,75.0,82.0,79.0,88.0,95.0,96.0,,,,,,,,,,,,,,,,,,,,,,,,,,,,,,,,,,,,,,,,,,,,,,,,,,,,,,,,,,,,
R&B,Nu Flavor,3 Little Words,97.0,97.0,89.0,89.0,94.0,90.0,99.0,97.0,98.0,,,,,,,,,,,,,,,,,,,,,,,,,,,,,,,,,,,,,,,,,,,,,,,,,,,,,,,,,,,,,,,,,,,
R&B,Profyle,Liar,52.0,32.0,25.0,17.0,16.0,16.0,14.0,19.0,24.0,33.0,35.0,43.0,54.0,61.0,69.0,75.0,86.0,81.0,94.0,99.0,,,,,,,,,,,,,,,,,,,,,,,,,,,,,,,,,,,,,,,,,,,,,,,,,,,,,,,,
R&B,Splender,I Think God Can Explain,71.0,66.0,62.0,62.0,62.0,64.0,65.0,71.0,81.0,89.0,95.0,100.0,,,,,,,,,,,,,,,,,,,,,,,,,,,,,,,,,,,,,,,,,,,,,,,,,,,,,,,,,,,,,,,,
R&B,"Stone, Angie",No More Rain (In This Cloud),86.0,86.0,74.0,66.0,56.0,60.0,56.0,60.0,67.0,69.0,63.0,73.0,71.0,81.0,89.0,98.0,100.0,,,,,,,,,,,,,,,,,,,,,,,,,,,,,,,,,,,,,,,,,,,,,,,,,,,,,,,,,,,
R&B,"Wright, Chely",It Was,86.0,78.0,75.0,72.0,71.0,69.0,64.0,75.0,85.0,98.0,,,,,,,,,,,,,,,,,,,,,,,,,,,,,,,,,,,,,,,,,,,,,,,,,,,,,,,,,,,,,,,,,,
Rap,2 Pac,Baby Don't Cry (Keep Ya Head Up II),87.0,82.0,72.0,77.0,87.0,94.0,99.0,,,,,,,,,,,,,,,,,,,,,,,,,,,,,,,,,,,,,,,,,,,,,,,,,,,,,,,,,,,,,,,,,,,,,
Rap,504 Boyz,Wobble Wobble,57.0,34.0,25.0,17.0,17.0,31.0,36.0,49.0,53.0,57.0,64.0,70.0,75.0,76.0,78.0,85.0,92.0,96.0,,,,,,,,,,,,,,,,,,,,,,,,,,,,,,,,,,,,,,,,,,,,,,,,,,,,,,,,,,
Rap,Big Punisher,It's So Hard,96.0,87.0,75.0,79.0,81.0,81.0,76.0,76.0,78.0,84.0,90.0,88.0,94.0,98.0,100.0,,,,,,,,,,,,,,,,,,,,,,,,,,,,,,,,,,,,,,,,,,,,,,,,,,,,,,,,,,,,,
Rap,Black Rob,Whoa!,78.0,59.0,53.0,52.0,47.0,46.0,43.0,47.0,47.0,58.0,54.0,57.0,70.0,85.0,84.0,93.0,97.0,,,,,,,,,,,,,,,,,,,,,,,,,,,,,,,,,,,,,,,,,,,,,,,,,,,,,,,,,,,
Rap,Cam'ron,What Means The World To You,94.0,94.0,96.0,91.0,84.0,83.0,88.0,87.0,95.0,92.0,,,,,,,,,,,,,,,,,,,,,,,,,,,,,,,,,,,,,,,,,,,,,,,,,,,,,,,,,,,,,,,,,,
Rap,Common,The Light,75.0,55.0,53.0,49.0,46.0,44.0,49.0,51.0,51.0,56.0,52.0,56.0,70.0,82.0,86.0,89.0,93.0,93.0,99.0,,,,,,,,,,,,,,,,,,,,,,,,,,,,,,,,,,,,,,,,,,,,,,,,,,,,,,,,,
Rap,DMX,Party Up (Up In Here),88.0,74.0,62.0,56.0,49.0,44.0,38.0,32.0,27.0,27.0,27.0,27.0,27.0,28.0,28.0,33.0,35.0,42.0,44.0,46.0,43.0,,,,,,,,,,,,,,,,,,,,,,,,,,,,,,,,,,,,,,,,,,,,,,,,,,,,,,,
Rap,DMX,What You Want,98.0,95.0,95.0,87.0,86.0,79.0,62.0,60.0,58.0,57.0,52.0,55.0,49.0,57.0,62.0,65.0,87.0,89.0,99.0,100.0,,,,,,,,,,,,,,,,,,,,,,,,,,,,,,,,,,,,,,,,,,,,,,,,,,,,,,,,
Rap,DMX,What's My Name,98.0,76.0,69.0,69.0,67.0,73.0,76.0,90.0,90.0,94.0,100.0,,,,,,,,,,,,,,,,,,,,,,,,,,,,,,,,,,,,,,,,,,,,,,,,,,,,,,,,,,,,,,,,,
Rap,Da Brat,That's What I'm Looking For,93.0,73.0,60.0,60.0,60.0,60.0,63.0,56.0,58.0,70.0,71.0,72.0,90.0,94.0,94.0,94.0,94.0,100.0,,,,,,,,,,,,,,,,,,,,,,,,,,,,,,,,,,,,,,,,,,,,,,,,,,,,,,,,,,
Rap,Da Brat,What'Chu Like,71.0,65.0,54.0,54.0,51.0,41.0,41.0,33.0,28.0,31.0,26.0,28.0,36.0,39.0,49.0,58.0,62.0,65.0,68.0,68.0,,,,,,,,,,,,,,,,,,,,,,,,,,,,,,,,,,,,,,,,,,,,,,,,,,,,,,,,
Rap,De La Soul,All Good?,96.0,96.0,100.0,,,,,,,,,,,,,,,,,,,,,,,,,,,,,,,,,,,,,,,,,,,,,,,,,,,,,,,,,,,,,,,,,,,,,,,,,
Rap,Dr. Dre,Forgot About Dre,75.0,55.0,47.0,36.0,36.0,30.0,30.0,31.0,26.0,25.0,25.0,26.0,26.0,28.0,34.0,47.0,58.0,68.0,80.0,82.0,,,,,,,,,,,,,,,,,,,,,,,,,,,,,,,,,,,,,,,,,,,,,,,,,,,,,,,,
Rap,Dr. Dre,The Next Episode,78.0,67.0,58.0,53.0,46.0,41.0,32.0,27.0,26.0,23.0,26.0,27.0,32.0,32.0,44.0,46.0,47.0,50.0,52.0,58.0,,,,,,,,,,,,,,,,,,,,,,,,,,,,,,,,,,,,,,,,,,,,,,,,,,,,,,,,
Rap,Drama,"Left, Right, Left",100.0,98.0,89.0,80.0,75.0,73.0,80.0,86.0,91.0,96.0,100.0,98.0,96.0,,,,,,,,,,,,,,,,,,,,,,,,,,,,,,,,,,,,,,,,,,,,,,,,,,,,,,,,,,,,,,,
Rap,"Eastsidaz, The",G'D Up,77.0,77.0,89.0,64.0,57.0,47.0,47.0,55.0,65.0,69.0,83.0,82.0,90.0,94.0,,,,,,,,,,,,,,,,,,,,,,,,,,,,,,,,,,,,,,,,,,,,,,,,,,,,,,,,,,,,,,
Rap,"Eastsidaz, The",Got Beef,99.0,99.0,,,,,,,,,,,,,,,,,,,,,,,,,,,,,,,,,,,,,,,,,,,,,,,,,,,,,,,,,,,,,,,,,,,,,,,,,,
Rap,"Elliott, Missy ""Misdemeanor""",Hot Boyz,36.0,21.0,13.0,9.0,7.0,7.0,5.0,7.0,7.0,7.0,8.0,11.0,7.0,10.0,11.0,12.0,15.0,17.0,23.0,30.0,38.0,,,,,,,,,,,,,,,,,,,,,,,,,,,,,,,,,,,,,,,,,,,,,,,,,,,,,,,
Rap,Eminem,Stan,78.0,67.0,57.0,57.0,51.0,51.0,51.0,57.0,55.0,70.0,69.0,77.0,88.0,93.0,100.0,,,,,,,,,,,,,,,,,,,,,,,,,,,,,,,,,,,,,,,,,,,,,,,,,,,,,,,,,,,,,
Rap,Eminem,The Real Slim Shady,70.0,32.0,20.0,16.0,11.0,7.0,6.0,4.0,5.0,4.0,8.0,9.0,16.0,30.0,49.0,68.0,83.0,88.0,98.0,,,,,,,,,,,,,,,,,,,,,,,,,,,,,,,,,,,,,,,,,,,,,,,,,,,,,,,,,
Rap,Eminem,The Way I Am,87.0,74.0,59.0,65.0,59.0,58.0,59.0,62.0,89.0,86.0,,,,,,,,,,,,,,,,,,,,,,,,,,,,,,,,,,,,,,,,,,,,,,,,,,,,,,,,,,,,,,,,,,
Rap,Eve,Got It All,89.0,88.0,88.0,91.0,95.0,,,,,,,,,,,,,,,,,,,,,,,,,,,,,,,,,,,,,,,,,,,,,,,,,,,,,,,,,,,,,,,,,,,,,,,
Rap,Eve,Love Is Blind,94.0,91.0,57.0,46.0,46.0,40.0,34.0,39.0,42.0,46.0,50.0,59.0,66.0,78.0,87.0,99.0,,,,,,,,,,,,,,,,,,,,,,,,,,,,,,,,,,,,,,,,,,,,,,,,,,,,,,,,,,,,
Rap,Funkmaster Flex,Do You,92.0,92.0,95.0,91.0,91.0,94.0,100.0,,,,,,,,,,,,,,,,,,,,,,,,,,,,,,,,,,,,,,,,,,,,,,,,,,,,,,,,,,,,,,,,,,,,,
Rap,"Hill, Faith",Breathe,81.0,68.0,62.0,51.0,42.0,35.0,28.0,28.0,28.0,43.0,30.0,23.0,23.0,21.0,21.0,21.0,5.0,3.0,3.0,4.0,4.0,3.0,3.0,3.0,2.0,2.0,3.0,3.0,2.0,2.0,3.0,4.0,2.0,5.0,8.0,11.0,13.0,14.0,18.0,22.0,23.0,22.0,24.0,30.0,31.0,31.0,38.0,39.0,42.0,49.0,49.0,48.0,47.0,,,,,,,,,,,,,,,,,,,,,,,
Rap,"Hill, Faith",Let's Make Love,83.0,83.0,73.0,73.0,67.0,60.0,60.0,60.0,57.0,55.0,54.0,69.0,88.0,91.0,,,,,,,,,,,,,,,,,,,,,,,,,,,,,,,,,,,,,,,,,,,,,,,,,,,,,,,,,,,,,,
Rap,Hot Boys,I Need A Hot Girl,77.0,75.0,71.0,65.0,65.0,70.0,69.0,77.0,79.0,90.0,92.0,95.0,100.0,,,,,,,,,,,,,,,,,,,,,,,,,,,,,,,,,,,,,,,,,,,,,,,,,,,,,,,,,,,,,,,
Rap,IMx,Stay The Night,84.0,61.0,45.0,43.0,40.0,38.0,36.0,31.0,34.0,34.0,40.0,36.0,36.0,23.0,41.0,62.0,70.0,71.0,79.0,78.0,,,,,,,,,,,,,,,,,,,,,,,,,,,,,,,,,,,,,,,,,,,,,,,,,,,,,,,,
Rap,Ice Cube,You Can Do It,86.0,66.0,50.0,42.0,42.0,40.0,35.0,46.0,45.0,54.0,73.0,89.0,,,,,,,,,,,,,,,,,,,,,,,,,,,,,,,,,,,,,,,,,,,,,,,,,,,,,,,,,,,,,,,,
Rap,Ja Rule,Between Me And You,85.0,74.0,61.0,37.0,27.0,22.0,22.0,16.0,14.0,11.0,11.0,14.0,17.0,18.0,18.0,21.0,30.0,30.0,42.0,53.0,,,,,,,,,,,,,,,,,,,,,,,,,,,,,,,,,,,,,,,,,,,,,,,,,,,,,,,,
Rap,Jay-Z,Anything,72.0,58.0,55.0,55.0,63.0,74.0,86.0,92.0,,,,,,,,,,,,,,,,,,,,,,,,,,,,,,,,,,,,,,,,,,,,,,,,,,,,,,,,,,,,,,,,,,,,
Rap,Jay-Z,Big Pimpin',69.0,52.0,39.0,33.0,28.0,25.0,25.0,23.0,20.0,19.0,21.0,18.0,20.0,20.0,26.0,29.0,35.0,33.0,41.0,50.0,,,,,,,,,,,,,,,,,,,,,,,,,,,,,,,,,,,,,,,,,,,,,,,,,,,,,,,,
Rap,Jay-Z,Do It Again (Put Ya Hands Up),95.0,68.0,65.0,65.0,74.0,84.0,92.0,96.0,95.0,,,,,,,,,,,,,,,,,,,,,,,,,,,,,,,,,,,,,,,,,,,,,,,,,,,,,,,,,,,,,,,,,,,
Rap,Jay-Z,Hey Papi,98.0,100.0,98.0,94.0,83.0,83.0,80.0,78.0,76.0,77.0,85.0,91.0,93.0,88.0,94.0,,,,,,,,,,,,,,,,,,,,,,,,,,,,,,,,,,,,,,,,,,,,,,,,,,,,,,,,,,,,,
Rap,Jay-Z,I Just Wanna Love U (Give It 2 Me),58.0,45.0,35.0,26.0,23.0,19.0,14.0,14.0,13.0,11.0,12.0,12.0,12.0,15.0,15.0,19.0,24.0,28.0,29.0,30.0,40.0,,,,,,,,,,,,,,,,,,,,,,,,,,,,,,,,,,,,,,,,,,,,,,,,,,,,,,,
Rap,"Jean, Wyclef",911,77.0,74.0,64.0,61.0,53.0,48.0,43.0,38.0,42.0,38.0,44.0,49.0,53.0,61.0,66.0,68.0,80.0,85.0,96.0,,,,,,,,,,,,,,,,,,,,,,,,,,,,,,,,,,,,,,,,,,,,,,,,,,,,,,,,,
Rap,"Jordan, Montell",Get It On.. Tonite,92.0,80.0,72.0,69.0,67.0,61.0,54.0,43.0,38.0,24.0,24.0,20.0,19.0,15.0,15.0,5.0,4.0,4.0,7.0,10.0,5.0,9.0,9.0,7.0,9.0,10.0,10.0,15.0,18.0,23.0,30.0,42.0,,,,,,,,,,,,,,,,,,,,,,,,,,,,,,,,,,,,,,,,,,,,
Rap,Juvenile,U Understand,85.0,83.0,100.0,98.0,97.0,96.0,,,,,,,,,,,,,,,,,,,,,,,,,,,,,,,,,,,,,,,,,,,,,,,,,,,,,,,,,,,,,,,,,,,,,,
Rap,LL Cool J,Imagine That,99.0,98.0,,,,,,,,,,,,,,,,,,,,,,,,,,,,,,,,,,,,,,,,,,,,,,,,,,,,,,,,,,,,,,,,,,,,,,,,,,
Rap,Lil Bow Wow,Bounce With Me,48.0,35.0,24.0,24.0,20.0,20.0,20.0,20.0,22.0,27.0,27.0,36.0,40.0,53.0,61.0,69.0,80.0,90.0,99.0,,,100.0,,,,,,,,,,,,,,,,,,,,,,,,,,,,,,,,,,,,,,,,,,,,,,,,,,,,,,
Rap,Lil Wayne,Tha Block Is Hot,99.0,89.0,92.0,84.0,84.0,72.0,81.0,81.0,86.0,87.0,95.0,,,,,,,,,,,,,,,,,,,,,,,,,,,,,,,,,,,,,,,,,,,,,,,,,,,,,,,,,,,,,,,,,
Rap,Lil' Kim,How Many Licks?,79.0,75.0,77.0,86.0,86.0,89.0,,,96.0,96.0,96.0,,,,,,,,,,,,,,,,,,,,,,,,,,,,,,,,,,,,,,,,,,,,,,,,,,,,,,,,,,,,,,,,,
Rap,Lil' Kim,No Matter What They Say,80.0,72.0,67.0,60.0,65.0,73.0,81.0,86.0,90.0,97.0,,,,,,,,,,,,,,,,,,,,,,,,,,,,,,,,,,,,,,,,,,,,,,,,,,,,,,,,,,,,,,,,,,
Rap,Lil' Mo,Ta Da,100.0,99.0,97.0,97.0,100.0,95.0,99.0,,,,,,,,,,,,,,,,,,,,,,,,,,,,,,,,,,,,,,,,,,,,,,,,,,,,,,,,,,,,,,,,,,,,,
Rap,Lil' Zane,Callin' Me,83.0,89.0,57.0,40.0,34.0,21.0,33.0,46.0,45.0,59.0,67.0,84.0,95.0,,,,,,,,,,,,,,,,,,,,,,,,,,,,,,,,,,,,,,,,,,,,,,,,,,,,,,,,,,,,,,,
Rap,Lox,"Ryde or Die, Chick",86.0,73.0,80.0,84.0,91.0,97.0,97.0,,,,,,,,,,,,,,,,,,,,,,,,,,,,,,,,,,,,,,,,,,,,,,,,,,,,,,,,,,,,,,,,,,,,,
Rap,Ludacris,What's Your Fantasy,89.0,83.0,63.0,55.0,49.0,40.0,33.0,32.0,30.0,25.0,22.0,21.0,24.0,24.0,24.0,27.0,25.0,34.0,32.0,35.0,41.0,47.0,,,,,,,,,,,,,,,,,,,,,,,,,,,,,,,,,,,,,,,,,,,,,,,,,,,,,,
Rap,Master P,Souljas,98.0,,,,,,,,,,,,,,,,,,,,,,,,,,,,,,,,,,,,,,,,,,,,,,,,,,,,,,,,,,,,,,,,,,,,,,,,,,,
Rap,Musiq,Just Friends (Sunny),89.0,83.0,65.0,55.0,54.0,54.0,52.0,44.0,41.0,34.0,32.0,31.0,35.0,34.0,41.0,41.0,48.0,54.0,58.0,68.0,,,,,,,,,,,,,,,,,,,,,,,,,,,,,,,,,,,,,,,,,,,,,,,,,,,,,,,,
Rap,Mystikal,Shake Ya Ass,97.0,90.0,65.0,41.0,34.0,25.0,22.0,15.0,15.0,14.0,14.0,13.0,13.0,13.0,17.0,19.0,24.0,30.0,42.0,58.0,,,,,,,,,,,,,,,,,,,,,,,,,,,,,,,,,,,,,,,,,,,,,,,,,,,,,,,,
Rap,Nelly,(Hot S**t) Country Grammar,100.0,99.0,96.0,76.0,55.0,37.0,24.0,24.0,30.0,36.0,37.0,30.0,23.0,21.0,17.0,17.0,15.0,11.0,11.0,10.0,7.0,7.0,8.0,10.0,11.0,12.0,12.0,17.0,19.0,23.0,33.0,37.0,36.0,49.0,,,,,,,,,,,,,,,,,,,,,,,,,,,,,,,,,,,,,,,,,,
Rap,Puff Daddy,Best Friend,65.0,59.0,62.0,79.0,99.0,,,,,,,,,,,,,,,,,,,,,,,,,,,,,,,,,,,,,,,,,,,,,,,,,,,,,,,,,,,,,,,,,,,,,,,
Rap,"Sheist, Shade",Where I Wanna Be,96.0,95.0,99.0,99.0,100.0,,,,,,,,,,,,,,,,,,,,,,,,,,,,,,,,,,,,,,,,,,,,,,,,,,,,,,,,,,,,,,,,,,,,,,,
Rap,Shyne,Bad Boyz,94.0,87.0,90.0,90.0,82.0,67.0,61.0,57.0,71.0,78.0,74.0,81.0,88.0,96.0,100.0,,,,,,,,,,,,,,,,,,,,,,,,,,,,,,,,,,,,,,,,,,,,,,,,,,,,,,,,,,,,,
Rap,"Smith, Will",Freakin' It,99.0,99.0,99.0,99.0,,,,,,,,,,,,,,,,,,,,,,,,,,,,,,,,,,,,,,,,,,,,,,,,,,,,,,,,,,,,,,,,,,,,,,,,
Rap,Trick Daddy,Shut Up,99.0,95.0,87.0,87.0,83.0,83.0,89.0,87.0,92.0,92.0,97.0,,,,,,,,,,,,,,,,,,,,,,,,,,,,,,,,,,,,,,,,,,,,,,,,,,,,,,,,,,,,,,,,,
Rap,Trina,Pull Over,97.0,93.0,96.0,100.0,,,,,,,,,,,,,,,,,,,,,,,,,,,,,,,,,,,,,,,,,,,,,,,,,,,,,,,,,,,,,,,,,,,,,,,,
Rap,Ying Yang Twins,Whistle While You Twurk,95.0,94.0,91.0,85.0,84.0,78.0,74.0,78.0,85.0,89.0,97.0,96.0,99.0,99.0,,,,,,,,,,,,,,,,,,,,,,,,,,,,,,,,,,,,,,,,,,,,,,,,,,,,,,,,,,,,,,
Reggae,Beenie Man,Girls Dem Sugar,72.0,72.0,63.0,56.0,62.0,63.0,54.0,60.0,69.0,75.0,84.0,92.0,85.0,84.0,95.0,,,,,,,,,,,,,,,,,,,,,,,,,,,,,,,,,,,,,,,,,,,,,,,,,,,,,,,,,,,,,
Rock,3 Doors Down,Kryptonite,81.0,70.0,68.0,67.0,66.0,57.0,54.0,53.0,51.0,51.0,51.0,51.0,47.0,44.0,38.0,28.0,22.0,18.0,18.0,14.0,12.0,7.0,6.0,6.0,6.0,5.0,5.0,4.0,4.0,4.0,4.0,3.0,3.0,3.0,4.0,5.0,5.0,9.0,9.0,15.0,14.0,13.0,14.0,16.0,17.0,21.0,22.0,24.0,28.0,33.0,42.0,42.0,49.0,,,,,,,,,,,,,,,,,,,,,,,
Rock,3 Doors Down,Loser,76.0,76.0,72.0,69.0,67.0,65.0,55.0,59.0,62.0,61.0,61.0,59.0,61.0,66.0,72.0,76.0,75.0,67.0,73.0,70.0,,,,,,,,,,,,,,,,,,,,,,,,,,,,,,,,,,,,,,,,,,,,,,,,,,,,,,,,
Rock,98¡,Give Me Just One Night (Una Noche),51.0,39.0,34.0,26.0,26.0,19.0,2.0,2.0,3.0,6.0,7.0,22.0,29.0,36.0,47.0,67.0,66.0,84.0,93.0,94.0,,,,,,,,,,,,,,,,,,,,,,,,,,,,,,,,,,,,,,,,,,,,,,,,,,,,,,,,
Rock,Aaliyah,I Don't Wanna,84.0,62.0,51.0,41.0,38.0,35.0,35.0,38.0,38.0,36.0,37.0,37.0,38.0,49.0,61.0,63.0,62.0,67.0,83.0,86.0,,,,,,,,,,,,,,,,,,,,,,,,,,,,,,,,,,,,,,,,,,,,,,,,,,,,,,,,
Rock,Aaliyah,Try Again,59.0,53.0,38.0,28.0,21.0,18.0,16.0,14.0,12.0,10.0,9.0,8.0,6.0,1.0,2.0,2.0,2.0,2.0,3.0,4.0,5.0,5.0,6.0,9.0,13.0,14.0,16.0,23.0,22.0,33.0,36.0,43.0,,,,,,,,,,,,,,,,,,,,,,,,,,,,,,,,,,,,,,,,,,,,
Rock,"Aguilera, Christina",Come On Over Baby (All I Want Is You),57.0,47.0,45.0,29.0,23.0,18.0,11.0,9.0,9.0,11.0,1.0,1.0,1.0,1.0,4.0,8.0,12.0,22.0,23.0,43.0,44.0,,,,,,,,,,,,,,,,,,,,,,,,,,,,,,,,,,,,,,,,,,,,,,,,,,,,,,,
Rock,"Aguilera, Christina",I Turn To You,50.0,39.0,30.0,28.0,21.0,19.0,20.0,17.0,17.0,17.0,17.0,3.0,3.0,7.0,10.0,17.0,25.0,29.0,29.0,40.0,43.0,50.0,,,,,,,,,,,,,,,,,,,,,,,,,,,,,,,,,,,,,,,,,,,,,,,,,,,,,,
Rock,"Aguilera, Christina",What A Girl Wants,71.0,51.0,28.0,18.0,13.0,13.0,11.0,1.0,1.0,2.0,2.0,3.0,3.0,4.0,12.0,11.0,13.0,15.0,18.0,20.0,30.0,40.0,39.0,44.0,,,,,,,,,,,,,,,,,,,,,,,,,,,,,,,,,,,,,,,,,,,,,,,,,,,,
Rock,Amber,Sexual (Li Da Di),99.0,99.0,96.0,96.0,100.0,93.0,93.0,96.0,,,99.0,,96.0,96.0,99.0,98.0,98.0,,95.0,88.0,88.0,79.0,76.0,69.0,69.0,59.0,58.0,58.0,49.0,44.0,42.0,46.0,50.0,,,,,,,,,,,,,,,,,,,,,,,,,,,,,,,,,,,,,,,,,,,
Rock,Avant,My First Love,70.0,62.0,56.0,43.0,39.0,33.0,26.0,26.0,26.0,31.0,32.0,31.0,38.0,38.0,52.0,57.0,64.0,73.0,81.0,79.0,,,,,,,,,,,,,,,,,,,,,,,,,,,,,,,,,,,,,,,,,,,,,,,,,,,,,,,,
Rock,Avant,Separated,62.0,32.0,30.0,23.0,26.0,30.0,35.0,32.0,32.0,25.0,23.0,28.0,27.0,29.0,27.0,31.0,31.0,33.0,40.0,51.0,,,,,,,,,,,,,,,,,,,,,,,,,,,,,,,,,,,,,,,,,,,,,,,,,,,,,,,,
Rock,BBMak,Back Here,99.0,86.0,60.0,52.0,38.0,34.0,28.0,21.0,18.0,18.0,19.0,15.0,18.0,13.0,16.0,15.0,16.0,16.0,17.0,15.0,18.0,17.0,16.0,22.0,24.0,30.0,36.0,37.0,42.0,45.0,49.0,,,,,,,,,,,,,,,,,,,,,,,,,,,,,,,,,,,,,,,,,,,,,
Rock,"Backstreet Boys, The",Shape Of My Heart,39.0,25.0,24.0,15.0,12.0,12.0,10.0,9.0,10.0,12.0,17.0,19.0,29.0,26.0,24.0,31.0,52.0,63.0,62.0,70.0,,,,,,,,,,,,,,,,,,,,,,,,,,,,,,,,,,,,,,,,,,,,,,,,,,,,,,,,
Rock,"Backstreet Boys, The",Show Me The Meaning Of Being Lonely,74.0,62.0,55.0,25.0,16.0,14.0,12.0,10.0,12.0,9.0,7.0,6.0,6.0,6.0,8.0,9.0,13.0,19.0,23.0,26.0,32.0,34.0,45.0,47.0,,,,,,,,,,,,,,,,,,,,,,,,,,,,,,,,,,,,,,,,,,,,,,,,,,,,
Rock,"Backstreet Boys, The",The One,58.0,50.0,43.0,37.0,31.0,30.0,39.0,47.0,55.0,61.0,76.0,90.0,93.0,93.0,100.0,,,,,,,,,,,,,,,,,,,,,,,,,,,,,,,,,,,,,,,,,,,,,,,,,,,,,,,,,,,,,
Rock,"Badu, Erkyah",Bag Lady,67.0,53.0,42.0,41.0,48.0,42.0,34.0,6.0,9.0,9.0,8.0,11.0,15.0,21.0,26.0,29.0,26.0,38.0,56.0,66.0,,,,,,,,,,,,,,,,,,,,,,,,,,,,,,,,,,,,,,,,,,,,,,,,,,,,,,,,
Rock,Barenaked Ladies,Pinch Me,77.0,76.0,69.0,45.0,51.0,37.0,33.0,29.0,26.0,25.0,16.0,15.0,15.0,19.0,19.0,20.0,22.0,20.0,21.0,34.0,44.0,,,,,,,,,,,,,,,,,,,,,,,,,,,,,,,,,,,,,,,,,,,,,,,,,,,,,,,
Rock,Before Dark,Monica,95.0,87.0,80.0,80.0,77.0,87.0,91.0,91.0,100.0,,,,,,,,,,,,,,,,,,,,,,,,,,,,,,,,,,,,,,,,,,,,,,,,,,,,,,,,,,,,,,,,,,,
Rock,"Bega, Lou",Tricky Tricky ,75.0,74.0,87.0,,,,,,,,,,,,,,,,,,,,,,,,,,,,,,,,,,,,,,,,,,,,,,,,,,,,,,,,,,,,,,,,,,,,,,,,,
Rock,"Blige, Mary J.",Deep Inside,83.0,80.0,80.0,75.0,75.0,73.0,64.0,64.0,65.0,67.0,63.0,67.0,75.0,85.0,94.0,,,,,,,,,,,,,,,,,,,,,,,,,,,,,,,,,,,,,,,,,,,,,,,,,,,,,,,,,,,,,
Rock,"Blige, Mary J.",Give Me You,97.0,94.0,77.0,76.0,68.0,77.0,89.0,90.0,,100.0,,,,,,,,,,,,,,,,,,,,,,,,,,,,,,,,,,,,,,,,,,,,,,,,,,,,,,,,,,,,,,,,,,
Rock,Blink-182,All The Small Things,89.0,76.0,69.0,59.0,59.0,51.0,50.0,35.0,26.0,15.0,7.0,6.0,8.0,8.0,9.0,11.0,14.0,16.0,18.0,23.0,33.0,41.0,43.0,,,,,,,,,,,,,,,,,,,,,,,,,,,,,,,,,,,,,,,,,,,,,,,,,,,,,
Rock,Bon Jovi,It's My Life,64.0,58.0,51.0,51.0,48.0,45.0,36.0,33.0,34.0,34.0,35.0,34.0,39.0,44.0,51.0,58.0,61.0,84.0,85.0,87.0,,,,,,,,,,,,,,,,,,,,,,,,,,,,,,,,,,,,,,,,,,,,,,,,,,,,,,,,
Rock,"Braxton, Toni",He Wasn't Man Enough,63.0,55.0,48.0,39.0,35.0,24.0,3.0,2.0,2.0,4.0,4.0,5.0,11.0,12.0,16.0,15.0,14.0,14.0,12.0,10.0,11.0,13.0,13.0,13.0,15.0,16.0,14.0,13.0,17.0,19.0,23.0,29.0,37.0,33.0,34.0,41.0,48.0,,,,,,,,,,,,,,,,,,,,,,,,,,,,,,,,,,,,,,,
Rock,"Braxton, Toni",Just Be A Man About It,76.0,69.0,51.0,42.0,37.0,32.0,32.0,34.0,34.0,38.0,50.0,53.0,53.0,63.0,65.0,72.0,79.0,84.0,89.0,90.0,,,,,,,,,,,,,,,,,,,,,,,,,,,,,,,,,,,,,,,,,,,,,,,,,,,,,,,,
Rock,"Braxton, Toni",Spanish Guitar,98.0,98.0,98.0,,,,,,,,,,,,,,,,,,,,,,,,,,,,,,,,,,,,,,,,,,,,,,,,,,,,,,,,,,,,,,,,,,,,,,,,,
Rock,"Carey, Mariah",Crybaby,28.0,34.0,48.0,62.0,77.0,90.0,95.0,,,,,,,,,,,,,,,,,,,,,,,,,,,,,,,,,,,,,,,,,,,,,,,,,,,,,,,,,,,,,,,,,,,,,
Rock,"Carey, Mariah",Thank God I Found You,82.0,68.0,50.0,50.0,41.0,37.0,26.0,22.0,22.0,2.0,1.0,2.0,4.0,13.0,21.0,28.0,43.0,57.0,82.0,89.0,,,,,,,,,,,,,,,,,,,,,,,,,,,,,,,,,,,,,,,,,,,,,,,,,,,,,,,,
Rock,"Carter, Torrey",Take That,94.0,88.0,86.0,91.0,89.0,87.0,99.0,,,,,,,,,,,,,,,,,,,,,,,,,,,,,,,,,,,,,,,,,,,,,,,,,,,,,,,,,,,,,,,,,,,,,
Rock,Changing Faces,That Other Woman,80.0,72.0,66.0,66.0,64.0,76.0,65.0,66.0,75.0,85.0,97.0,,,,,,,,,,,,,,,,,,,,,,,,,,,,,,,,,,,,,,,,,,,,,,,,,,,,,,,,,,,,,,,,,
Rock,Counting Crows,Hanginaround,84.0,70.0,66.0,60.0,46.0,37.0,35.0,35.0,35.0,32.0,29.0,29.0,28.0,32.0,38.0,48.0,56.0,59.0,61.0,66.0,,,,,,,,,,,,,,,,,,,,,,,,,,,,,,,,,,,,,,,,,,,,,,,,,,,,,,,,
Rock,Creed,Higher,81.0,77.0,73.0,63.0,61.0,58.0,56.0,52.0,56.0,57.0,57.0,57.0,57.0,57.0,60.0,61.0,61.0,57.0,60.0,61.0,,,,,,,,,43.0,41.0,34.0,28.0,25.0,23.0,22.0,16.0,16.0,18.0,14.0,13.0,13.0,11.0,11.0,9.0,9.0,7.0,7.0,9.0,9.0,12.0,14.0,16.0,17.0,17.0,21.0,26.0,29.0,32.0,39.0,39.0,43.0,47.0,50.0,50.0,49.0,,,,,,,,,,,
Rock,Creed,With Arms Wide Open,84.0,78.0,76.0,74.0,70.0,68.0,74.0,75.0,69.0,74.0,70.0,79.0,84.0,86.0,76.0,62.0,45.0,29.0,19.0,11.0,10.0,7.0,5.0,3.0,3.0,3.0,1.0,2.0,2.0,3.0,3.0,3.0,4.0,5.0,5.0,5.0,5.0,9.0,12.0,13.0,13.0,17.0,22.0,26.0,28.0,37.0,41.0,,,,,,,,,,,,,,,,,,,,,,,,,,,,,
Rock,Destiny's Child,Independent Women Part I,78.0,63.0,49.0,33.0,23.0,15.0,7.0,5.0,1.0,1.0,1.0,1.0,1.0,1.0,1.0,1.0,1.0,1.0,1.0,2.0,3.0,7.0,10.0,12.0,15.0,22.0,29.0,31.0,,,,,,,,,,,,,,,,,,,,,,,,,,,,,,,,,,,,,,,,,,,,,,,,
Rock,Destiny's Child,Jumpin' Jumpin',74.0,71.0,65.0,62.0,57.0,50.0,40.0,37.0,22.0,18.0,13.0,8.0,6.0,4.0,3.0,4.0,3.0,3.0,3.0,3.0,4.0,4.0,6.0,7.0,6.0,8.0,10.0,15.0,24.0,30.0,35.0,39.0,,,,,,,,,,,,,,,,,,,,,,,,,,,,,,,,,,,,,,,,,,,,
Rock,Destiny's Child,Say My Name,83.0,83.0,44.0,38.0,16.0,13.0,16.0,16.0,16.0,18.0,17.0,14.0,1.0,1.0,1.0,2.0,2.0,3.0,5.0,5.0,5.0,7.0,10.0,13.0,14.0,18.0,23.0,23.0,34.0,37.0,43.0,47.0,,,,,,,,,,,,,,,,,,,,,,,,,,,,,,,,,,,,,,,,,,,,
Rock,"Dion, Celine",That's The Way It Is,74.0,68.0,65.0,49.0,44.0,34.0,30.0,30.0,17.0,14.0,11.0,8.0,9.0,10.0,11.0,11.0,6.0,8.0,7.0,7.0,9.0,10.0,14.0,16.0,26.0,31.0,35.0,42.0,,,,,,,,,,,,,,,,,,,,,,,,,,,,,,,,,,,,,,,,,,,,,,,,
Rock,Dream,He Loves U Not,99.0,92.0,81.0,59.0,47.0,42.0,32.0,27.0,18.0,18.0,11.0,8.0,5.0,2.0,2.0,3.0,3.0,3.0,7.0,9.0,10.0,11.0,10.0,19.0,23.0,28.0,38.0,46.0,,,,,,,,,,,,,,,,,,,,,,,,,,,,,,,,,,,,,,,,,,,,,,,,
Rock,En Vogue,Riddle,92.0,92.0,97.0,100.0,,,,,,,,,,,,,,,,,,,,,,,,,,,,,,,,,,,,,,,,,,,,,,,,,,,,,,,,,,,,,,,,,,,,,,,,
Rock,"Estefan, Gloria",No Me Dejes De Querer,77.0,,,,,,,,,,,,,,,,,,,,,,,,,,,,,,,,,,,,,,,,,,,,,,,,,,,,,,,,,,,,,,,,,,,,,,,,,,,
Rock,Everclear,Wonderful,77.0,69.0,53.0,37.0,33.0,25.0,24.0,23.0,22.0,25.0,28.0,25.0,11.0,13.0,13.0,11.0,18.0,28.0,36.0,39.0,45.0,,,,,,,,,,,,,,,,,,,,,,,,,,,,,,,,,,,,,,,,,,,,,,,,,,,,,,,
Rock,Filter,Take A Picture,91.0,74.0,64.0,52.0,38.0,38.0,34.0,31.0,21.0,19.0,12.0,13.0,15.0,20.0,19.0,22.0,23.0,24.0,31.0,42.0,,,,,,,,,,,,,,,,,,,,,,,,,,,,,,,,,,,,,,,,,,,,,,,,,,,,,,,,
Rock,Foo Fighters,Learn To Fly,80.0,69.0,68.0,63.0,60.0,52.0,42.0,32.0,30.0,25.0,22.0,22.0,26.0,20.0,19.0,20.0,26.0,30.0,35.0,42.0,50.0,,,,,,,,,,,,,,,,,,,,,,,,,,,,,,,,,,,,,,,,,,,,,,,,,,,,,,,
Rock,Ginuwine,None Of Ur Friends Business,94.0,84.0,71.0,71.0,60.0,63.0,48.0,48.0,48.0,55.0,64.0,71.0,85.0,85.0,92.0,,,,,,,,,,,,,,,,,,,,,,,,,,,,,,,,,,,,,,,,,,,,,,,,,,,,,,,,,,,,,
Rock,Ginuwine,The Best Man I Can Be,97.0,97.0,83.0,94.0,84.0,88.0,85.0,82.0,77.0,77.0,85.0,89.0,,,,,,,,,,,,,,,,,,,,,,,,,,,,,,,,,,,,,,,,,,,,,,,,,,,,,,,,,,,,,,,,
Rock,Goo Goo Dolls,Broadway,74.0,58.0,53.0,42.0,35.0,31.0,29.0,25.0,29.0,26.0,24.0,33.0,46.0,48.0,57.0,62.0,74.0,82.0,85.0,87.0,,,,,,,,,,,,,,,,,,,,,,,,,,,,,,,,,,,,,,,,,,,,,,,,,,,,,,,,
Rock,"Gray, Macy",I Try,68.0,51.0,47.0,36.0,30.0,20.0,15.0,12.0,8.0,7.0,7.0,7.0,6.0,5.0,6.0,9.0,10.0,11.0,14.0,16.0,16.0,16.0,21.0,27.0,34.0,40.0,46.0,,,,,,,,,,,,,,,,,,,,,,,,,,,,,,,,,,,,,,,,,,,,,,,,,
Rock,"Henley, Don",Taking You Home,79.0,77.0,74.0,73.0,66.0,62.0,58.0,58.0,61.0,68.0,71.0,71.0,79.0,83.0,85.0,87.0,83.0,90.0,87.0,87.0,,,,,,,,,,,,,,,,,,,,,,,,,,,,,,,,,,,,,,,,,,,,,,,,,,,,,,,,
Rock,"Hollister, Dave",Can't Stay,84.0,84.0,93.0,98.0,,,,,,,,,,,,,,,,,,,,,,,,,,,,,,,,,,,,,,,,,,,,,,,,,,,,,,,,,,,,,,,,,,,,,,,,
Rock,"Houston, Whitney",Could I Have This Kiss Forever,74.0,68.0,68.0,67.0,59.0,59.0,60.0,52.0,54.0,56.0,59.0,70.0,69.0,81.0,87.0,95.0,98.0,100.0,,97.0,,,,,,,,,,,,,,,,,,,,,,,,,,,,,,,,,,,,,,,,,,,,,,,,,,,,,,,,
Rock,"Houston, Whitney",I Learned From The Best,83.0,83.0,83.0,40.0,28.0,27.0,28.0,36.0,53.0,73.0,82.0,,,,,,,,,,,,,,,,,,,,,,,,,,,,,,,,,,,,,,,,,,,,,,,,,,,,,,,,,,,,,,,,,
Rock,"Houston, Whitney",My Love Is Your Love,81.0,68.0,44.0,16.0,11.0,9.0,8.0,7.0,8.0,7.0,8.0,8.0,6.0,6.0,5.0,5.0,5.0,5.0,4.0,6.0,10.0,10.0,11.0,20.0,22.0,27.0,34.0,49.0,,,,,,,,,,,,,,,,,,,,,,,,,,,,,,,,,,,,,,,,,,,,,,,,
Rock,"Houston, Whitney","Same Script, Different Cast",71.0,71.0,71.0,71.0,70.0,75.0,77.0,88.0,91.0,,,,,,,,,,,,,,,,,,,,,,,,,,,,,,,,,,,,,,,,,,,,,,,,,,,,,,,,,,,,,,,,,,,
Rock,Jagged Edge,He Can't Love U,54.0,32.0,17.0,17.0,15.0,18.0,18.0,18.0,18.0,25.0,24.0,24.0,26.0,33.0,44.0,51.0,53.0,65.0,69.0,77.0,,,,,,,,,,,,,,,,,,,,,,,,,,,,,,,,,,,,,,,,,,,,,,,,,,,,,,,,
Rock,Jagged Edge,Let's Get Married,77.0,66.0,55.0,45.0,38.0,42.0,33.0,29.0,28.0,26.0,23.0,15.0,11.0,14.0,14.0,17.0,20.0,20.0,21.0,23.0,24.0,29.0,36.0,47.0,,,,,,,,,,,,,,,,,,,,,,,,,,,,,,,,,,,,,,,,,,,,,,,,,,,,
Rock,Janet,Doesn't Really Matter,59.0,52.0,43.0,30.0,29.0,22.0,15.0,10.0,10.0,5.0,1.0,1.0,1.0,2.0,2.0,3.0,3.0,7.0,8.0,20.0,25.0,37.0,40.0,41.0,,,,,,,,,,,,,,,,,,,,,,,,,,,,,,,,,,,,,,,,,,,,,,,,,,,,
Rock,Joe,I Wanna Know,94.0,86.0,69.0,50.0,41.0,33.0,32.0,28.0,28.0,27.0,27.0,25.0,23.0,20.0,17.0,15.0,14.0,11.0,11.0,14.0,11.0,11.0,10.0,12.0,10.0,6.0,4.0,5.0,4.0,5.0,5.0,7.0,6.0,8.0,5.0,6.0,9.0,9.0,8.0,14.0,16.0,20.0,32.0,45.0,,,,,,,,,,,,,,,,,,,,,,,,,,,,,,,,
Rock,Joe,Treat Her Like A Lady,77.0,75.0,63.0,63.0,69.0,64.0,68.0,67.0,72.0,79.0,78.0,84.0,85.0,90.0,89.0,99.0,100.0,,,,,,,,,,,,,,,,,,,,,,,,,,,,,,,,,,,,,,,,,,,,,,,,,,,,,,,,,,,
Rock,"John, Elton",Someday Out Of The Blue,56.0,56.0,49.0,59.0,67.0,60.0,64.0,73.0,81.0,90.0,93.0,89.0,98.0,94.0,99.0,,,,,,,,,,,,,,,,,,,,,,,,,,,,,,,,,,,,,,,,,,,,,,,,,,,,,,,,,,,,,
Rock,"Jones, Donell",Where I Wanna Be,81.0,71.0,65.0,50.0,41.0,41.0,36.0,41.0,38.0,35.0,33.0,29.0,36.0,34.0,34.0,40.0,42.0,49.0,55.0,62.0,,,,,,,,,,,,,,,,,,,,,,,,,,,,,,,,,,,,,,,,,,,,,,,,,,,,,,,,
Rock,Kandi,Don't Think I'm Not,66.0,66.0,66.0,61.0,49.0,42.0,36.0,33.0,28.0,24.0,26.0,26.0,28.0,29.0,27.0,31.0,31.0,26.0,25.0,25.0,30.0,40.0,36.0,41.0,,,,,,,,,,,,,,,,,,,,,,,,,,,,,,,,,,,,,,,,,,,,,,,,,,,,
Rock,Kid Rock,Only God Knows Why,63.0,47.0,46.0,39.0,35.0,26.0,26.0,23.0,19.0,19.0,21.0,25.0,25.0,29.0,32.0,44.0,52.0,62.0,69.0,78.0,,,,,,,,,,,,,,,,,,,,,,,,,,,,,,,,,,,,,,,,,,,,,,,,,,,,,,,,
Rock,"Kravitz, Lenny",I Belong To You,78.0,77.0,71.0,71.0,71.0,83.0,90.0,90.0,93.0,,,,,,,,,,,,,,,,,,,,,,,,,,,,,,,,,,,,,,,,,,,,,,,,,,,,,,,,,,,,,,,,,,,
Rock,LFO,I Don't Wanna Kiss You Goodnight,63.0,61.0,68.0,73.0,91.0,,,,,,,,,,,,,,,,,,,,,,,,,,,,,,,,,,,,,,,,,,,,,,,,,,,,,,,,,,,,,,,,,,,,,,,
Rock,LFO,West Side Story,96.0,84.0,88.0,96.0,,,,,,,,,,,,,,,,,,,,,,,,,,,,,,,,,,,,,,,,,,,,,,,,,,,,,,,,,,,,,,,,,,,,,,,,
Rock,Limp Bizkit,N 2 Gether Now,94.0,88.0,85.0,78.0,78.0,73.0,84.0,86.0,90.0,97.0,96.0,,,,,,,,,,,,,,,,,,,,,,,,,,,,,,,,,,,,,,,,,,,,,,,,,,,,,,,,,,,,,,,,,
Rock,Limp Bizkit,Re-Arranged,91.0,91.0,90.0,95.0,95.0,99.0,96.0,96.0,92.0,88.0,89.0,93.0,91.0,91.0,89.0,90.0,93.0,100.0,,,,,,,,,,,,,,,,,,,,,,,,,,,,,,,,,,,,,,,,,,,,,,,,,,,,,,,,,,
Rock,Limp Bizkit,Rollin',77.0,73.0,72.0,66.0,65.0,65.0,67.0,73.0,74.0,78.0,80.0,86.0,86.0,91.0,93.0,96.0,100.0,,,,,,,,,,,,,,,,,,,,,,,,,,,,,,,,,,,,,,,,,,,,,,,,,,,,,,,,,,,
Rock,Madonna,American Pie,43.0,35.0,29.0,29.0,33.0,32.0,40.0,58.0,88.0,,,,,,,,,,,,,,,,,,,,,,,,,,,,,,,,,,,,,,,,,,,,,,,,,,,,,,,,,,,,,,,,,,,
Rock,Madonna,Music,41.0,23.0,18.0,14.0,2.0,1.0,1.0,1.0,1.0,2.0,2.0,2.0,2.0,2.0,4.0,8.0,11.0,16.0,20.0,25.0,27.0,27.0,29.0,44.0,,,,,,,,,,,,,,,,,,,,,,,,,,,,,,,,,,,,,,,,,,,,,,,,,,,,
Rock,Mary Mary,Shackles (Praise You),90.0,76.0,72.0,54.0,43.0,37.0,34.0,28.0,33.0,30.0,31.0,39.0,43.0,53.0,60.0,70.0,71.0,76.0,84.0,94.0,,,,,,,,,,,,,,,,,,,,,,,,,,,,,,,,,,,,,,,,,,,,,,,,,,,,,,,,
Rock,"McKnight, Brian",Stay Or Let It Go,95.0,92.0,82.0,78.0,76.0,88.0,100.0,93.0,,,,,,,,,,,,,,,,,,,,,,,,,,,,,,,,,,,,,,,,,,,,,,,,,,,,,,,,,,,,,,,,,,,,
Rock,Metallica,I Disappear,86.0,84.0,88.0,81.0,81.0,76.0,81.0,81.0,78.0,84.0,83.0,82.0,87.0,88.0,91.0,94.0,98.0,95.0,89.0,95.0,,,,,,,,,,,,,,,,,,,,,,,,,,,,,,,,,,,,,,,,,,,,,,,,,,,,,,,,
Rock,Metallica,No Leaf Clover (Live),86.0,81.0,78.0,76.0,74.0,80.0,86.0,93.0,95.0,95.0,,,,,,,,,,,,,,,,,,,,,,,,,,,,,,,,,,,,,,,,,,,,,,,,,,,,,,,,,,,,,,,,,,
Rock,"Moore, Chante",Straight Up,98.0,98.0,97.0,90.0,85.0,83.0,83.0,97.0,98.0,,,,,,,,,,,,,,,,,,,,,,,,,,,,,,,,,,,,,,,,,,,,,,,,,,,,,,,,,,,,,,,,,,,
Rock,"Mumba, Samantha",Gotta Tell You,85.0,72.0,65.0,49.0,39.0,25.0,20.0,10.0,9.0,8.0,6.0,5.0,7.0,4.0,6.0,7.0,13.0,17.0,17.0,23.0,29.0,36.0,,,,,,,,,,,,,,,,,,,,,,,,,,,,,,,,,,,,,,,,,,,,,,,,,,,,,,
Rock,Mya,Case Of The Ex (Whatcha Gonna Do),72.0,57.0,52.0,47.0,42.0,31.0,24.0,18.0,17.0,17.0,17.0,10.0,9.0,9.0,7.0,2.0,2.0,2.0,3.0,4.0,4.0,4.0,4.0,8.0,11.0,15.0,19.0,24.0,23.0,35.0,,,,,,,,,,,,,,,,,,,,,,,,,,,,,,,,,,,,,,,,,,,,,,
Rock,Mya,The Best Of Me,85.0,70.0,65.0,62.0,55.0,50.0,50.0,56.0,61.0,61.0,72.0,84.0,81.0,86.0,86.0,94.0,97.0,,,,,,,,,,,,,,,,,,,,,,,,,,,,,,,,,,,,,,,,,,,,,,,,,,,,,,,,,,,
Rock,N'Sync,Bye Bye Bye,42.0,20.0,19.0,14.0,13.0,7.0,6.0,5.0,5.0,5.0,5.0,4.0,4.0,6.0,6.0,7.0,9.0,12.0,18.0,20.0,27.0,34.0,40.0,,,,,,,,,,,,,,,,,,,,,,,,,,,,,,,,,,,,,,,,,,,,,,,,,,,,,
Rock,N'Sync,It's Gonna Be Me,82.0,70.0,51.0,39.0,26.0,19.0,15.0,9.0,7.0,7.0,5.0,4.0,1.0,1.0,3.0,4.0,6.0,10.0,13.0,15.0,18.0,23.0,28.0,38.0,48.0,,,,,,,,,,,,,,,,,,,,,,,,,,,,,,,,,,,,,,,,,,,,,,,,,,,
Rock,N'Sync,This I Promise You,68.0,31.0,19.0,15.0,11.0,6.0,7.0,7.0,6.0,5.0,6.0,7.0,10.0,12.0,11.0,9.0,11.0,12.0,20.0,22.0,26.0,30.0,30.0,39.0,41.0,49.0,,,,,,,,,,,,,,,,,,,,,,,,,,,,,,,,,,,,,,,,,,,,,,,,,,
Rock,Next,Wifey,85.0,61.0,46.0,40.0,36.0,31.0,25.0,22.0,25.0,24.0,21.0,20.0,19.0,19.0,8.0,7.0,10.0,12.0,21.0,25.0,35.0,,,,,,,,,,,,,,,,,,,,,,,,,,,,,,,,,,,,,,,,,,,,,,,,,,,,,,,
Rock,Nine Days,Absolutely (Story Of A Girl),85.0,71.0,59.0,52.0,39.0,34.0,26.0,20.0,17.0,13.0,11.0,6.0,6.0,8.0,8.0,7.0,8.0,9.0,11.0,12.0,14.0,18.0,26.0,30.0,36.0,41.0,48.0,,,,,,,,,,,,,,,,,,,,,,,,,,,,,,,,,,,,,,,,,,,,,,,,,
Rock,Nine Days,If I Am,68.0,68.0,81.0,94.0,100.0,,,,,,,,,,,,,,,,,,,,,,,,,,,,,,,,,,,,,,,,,,,,,,,,,,,,,,,,,,,,,,,,,,,,,,,
Rock,No Doubt,Simple Kind Of Life,50.0,40.0,39.0,38.0,38.0,48.0,52.0,55.0,80.0,85.0,88.0,100.0,98.0,,,,,,,,,,,,,,,,,,,,,,,,,,,,,,,,,,,,,,,,,,,,,,,,,,,,,,,,,,,,,,,
Rock,"Offspring, The",Original Prankster,74.0,71.0,70.0,70.0,77.0,78.0,91.0,89.0,92.0,,,,,,,,,,,,,,,,,,,,,,,,,,,,,,,,,,,,,,,,,,,,,,,,,,,,,,,,,,,,,,,,,,,
Rock,Papa Roach,Last Resort,75.0,71.0,69.0,69.0,66.0,64.0,61.0,61.0,66.0,64.0,63.0,60.0,65.0,66.0,62.0,66.0,64.0,64.0,57.0,72.0,,,,,,,,,,,,,,,,,,,,,,,,,,,,,,,,,,,,,,,,,,,,,,,,,,,,,,,,
Rock,Pearl Jam,Nothing As It Seems,49.0,70.0,84.0,89.0,93.0,91.0,,,,,,,,,,,,,,,,,,,,,,,,,,,,,,,,,,,,,,,,,,,,,,,,,,,,,,,,,,,,,,,,,,,,,,
Rock,Pink,Most Girls,85.0,70.0,52.0,36.0,27.0,21.0,15.0,13.0,12.0,8.0,5.0,5.0,5.0,6.0,5.0,4.0,6.0,8.0,11.0,14.0,14.0,16.0,18.0,21.0,26.0,39.0,46.0,,,,,,,,,,,,,,,,,,,,,,,,,,,,,,,,,,,,,,,,,,,,,,,,,
Rock,Pink,There U Go,25.0,15.0,12.0,11.0,11.0,7.0,7.0,12.0,14.0,15.0,15.0,17.0,19.0,16.0,15.0,14.0,12.0,10.0,10.0,10.0,8.0,9.0,12.0,16.0,20.0,22.0,33.0,39.0,39.0,41.0,46.0,44.0,,,,,,,,,,,,,,,,,,,,,,,,,,,,,,,,,,,,,,,,,,,,
Rock,"Price, Kelly",As We Lay,82.0,69.0,69.0,64.0,71.0,79.0,82.0,89.0,,,,,,,,,,,,,,,,,,,,,,,,,,,,,,,,,,,,,,,,,,,,,,,,,,,,,,,,,,,,,,,,,,,,
Rock,"Price, Kelly",Love Sets You Free,92.0,91.0,98.0,100.0,,,,,,,,,,,,,,,,,,,,,,,,,,,,,,,,,,,,,,,,,,,,,,,,,,,,,,,,,,,,,,,,,,,,,,,,
Rock,"Price, Kelly",You Should've Told Me,91.0,91.0,91.0,87.0,86.0,79.0,79.0,75.0,70.0,68.0,64.0,64.0,68.0,70.0,74.0,90.0,86.0,85.0,93.0,92.0,,,,,,,,,,,,,,,,,,,,,,,,,,,,,,,,,,,,,,,,,,,,,,,,,,,,,,,,
Rock,Q-Tip,Breathe And Stop,71.0,71.0,81.0,82.0,96.0,,,,,,,,,,,,,,,,,,,,,,,,,,,,,,,,,,,,,,,,,,,,,,,,,,,,,,,,,,,,,,,,,,,,,,,
Rock,R.E.M.,The Great Beyond,79.0,79.0,70.0,62.0,60.0,57.0,61.0,66.0,60.0,59.0,60.0,63.0,79.0,91.0,,,,,,,,,,,,,,,,,,,,,,,,,,,,,,,,,,,,,,,,,,,,,,,,,,,,,,,,,,,,,,
Rock,Red Hot Chili Peppers,Californication,72.0,72.0,72.0,77.0,79.0,77.0,75.0,84.0,85.0,79.0,74.0,69.0,74.0,75.0,77.0,71.0,78.0,89.0,97.0,,,,,,,,,,,,,,,,,,,,,,,,,,,,,,,,,,,,,,,,,,,,,,,,,,,,,,,,,
Rock,Red Hot Chili Peppers,Otherside,80.0,72.0,65.0,52.0,51.0,49.0,40.0,37.0,32.0,29.0,29.0,29.0,29.0,24.0,18.0,14.0,15.0,16.0,19.0,22.0,29.0,45.0,,,,,,,,,,,,,,,,,,,,,,,,,,,,,,,,,,,,,,,,,,,,,,,,,,,,,,
Rock,Ruff Endz,No More,76.0,38.0,19.0,17.0,12.0,15.0,12.0,10.0,7.0,5.0,8.0,8.0,10.0,12.0,14.0,15.0,19.0,23.0,21.0,18.0,19.0,22.0,23.0,24.0,33.0,38.0,,,,,,,,,,,,,,,,,,,,,,,,,,,,,,,,,,,,,,,,,,,,,,,,,,
Rock,Sammie,I Like It,85.0,68.0,58.0,44.0,40.0,33.0,30.0,29.0,37.0,29.0,29.0,24.0,36.0,46.0,52.0,61.0,83.0,93.0,91.0,89.0,,,,,,,,,,,,,,,,,,,,,,,,,,,,,,,,,,,,,,,,,,,,,,,,,,,,,,,,
Rock,Santana,"Maria, Maria",15.0,8.0,6.0,5.0,2.0,3.0,2.0,2.0,1.0,1.0,1.0,1.0,1.0,1.0,1.0,1.0,1.0,1.0,8.0,15.0,19.0,21.0,26.0,36.0,48.0,47.0,,,,,,,,,,,,,,,,,,,,,,,,,,,,,,,,,,,,,,,,,,,,,,,,,,
Rock,Savage Garden,Crash And Burn,75.0,58.0,51.0,36.0,33.0,31.0,26.0,24.0,24.0,29.0,34.0,39.0,46.0,47.0,48.0,49.0,58.0,63.0,73.0,87.0,,,,,,,,,,,,,,,,,,,,,,,,,,,,,,,,,,,,,,,,,,,,,,,,,,,,,,,,
Rock,Savage Garden,I Knew I Loved You,71.0,48.0,43.0,31.0,20.0,13.0,7.0,6.0,4.0,4.0,4.0,6.0,4.0,2.0,1.0,1.0,1.0,2.0,1.0,2.0,4.0,8.0,8.0,12.0,14.0,17.0,21.0,24.0,30.0,34.0,37.0,46.0,47.0,,,,,,,,,,,,,,,,,,,,,,,,,,,,,,,,,,,,,,,,,,,
Rock,"Simpson, Jessica",Where You Are,73.0,66.0,62.0,62.0,76.0,93.0,,,,,,,,,,,,,,,,,,,,,,,,,,,,,,,,,,,,,,,,,,,,,,,,,,,,,,,,,,,,,,,,,,,,,,
Rock,Sisqo,Got To Get It,92.0,76.0,73.0,58.0,48.0,48.0,48.0,48.0,49.0,40.0,43.0,51.0,50.0,57.0,63.0,64.0,68.0,82.0,88.0,95.0,,,,,,,,,,,,,,,,,,,,,,,,,,,,,,,,,,,,,,,,,,,,,,,,,,,,,,,,
Rock,Sisqo,Incomplete,77.0,66.0,61.0,61.0,61.0,55.0,2.0,1.0,1.0,2.0,2.0,4.0,5.0,5.0,7.0,8.0,10.0,10.0,9.0,14.0,17.0,20.0,25.0,31.0,32.0,46.0,,,,,,,,,,,,,,,,,,,,,,,,,,,,,,,,,,,,,,,,,,,,,,,,,,
Rock,Sisqo,Thong Song,74.0,63.0,35.0,26.0,26.0,23.0,20.0,16.0,13.0,10.0,6.0,6.0,5.0,4.0,4.0,4.0,3.0,3.0,4.0,3.0,7.0,8.0,13.0,17.0,24.0,31.0,43.0,46.0,,,,,,,,,,,,,,,,,,,,,,,,,,,,,,,,,,,,,,,,,,,,,,,,
Rock,Sister Hazel,Change Your Mind,75.0,67.0,66.0,59.0,63.0,71.0,78.0,81.0,78.0,78.0,84.0,87.0,94.0,91.0,93.0,95.0,100.0,98.0,96.0,98.0,,,,,,,,,,,,,,,,,,,,,,,,,,,,,,,,,,,,,,,,,,,,,,,,,,,,,,,,
Rock,Smash Mouth,Then The Morning Comes,83.0,59.0,56.0,46.0,27.0,23.0,19.0,16.0,14.0,14.0,16.0,15.0,12.0,11.0,13.0,17.0,20.0,23.0,24.0,25.0,27.0,31.0,33.0,35.0,41.0,48.0,,,,,,,,,,,,,,,,,,,,,,,,,,,,,,,,,,,,,,,,,,,,,,,,,,
Rock,Sonique,It Feels So Good,67.0,52.0,30.0,23.0,19.0,17.0,16.0,16.0,14.0,12.0,13.0,13.0,11.0,8.0,10.0,10.0,11.0,14.0,17.0,19.0,21.0,31.0,38.0,49.0,,,,,,,,,,,,,,,,,,,,,,,,,,,,,,,,,,,,,,,,,,,,,,,,,,,,
Rock,SoulDecision,Faded,94.0,90.0,81.0,64.0,56.0,43.0,35.0,27.0,25.0,22.0,22.0,27.0,27.0,27.0,31.0,31.0,30.0,34.0,31.0,34.0,34.0,38.0,45.0,50.0,,,,,,,,,,,,,,,,,,,,,,,,,,,,,,,,,,,,,,,,,,,,,,,,,,,,
Rock,"Spears, Britney",From The Bottom Of My Broken Heart,76.0,59.0,52.0,52.0,14.0,14.0,17.0,24.0,33.0,35.0,41.0,45.0,54.0,64.0,64.0,81.0,97.0,92.0,86.0,90.0,,,,,,,,,,,,,,,,,,,,,,,,,,,,,,,,,,,,,,,,,,,,,,,,,,,,,,,,
Rock,"Spears, Britney",Lucky,61.0,41.0,28.0,26.0,23.0,29.0,30.0,40.0,66.0,86.0,100.0,,,,,,,,,,,,,,,,,,,,,,,,,,,,,,,,,,,,,,,,,,,,,,,,,,,,,,,,,,,,,,,,,
Rock,"Spears, Britney",Oops!.. I Did It Again,67.0,38.0,26.0,19.0,15.0,13.0,12.0,9.0,9.0,10.0,14.0,15.0,17.0,24.0,35.0,49.0,77.0,85.0,90.0,96.0,,,,,,,,,,,,,,,,,,,,,,,,,,,,,,,,,,,,,,,,,,,,,,,,,,,,,,,,
Rock,"Spencer, Tracie",Still In My Heart,95.0,88.0,98.0,,,,,,,,,,,,,,,,,,,,,,,,,,,,,,,,,,,,,,,,,,,,,,,,,,,,,,,,,,,,,,,,,,,,,,,,,
Rock,Sting,Desert Rose,98.0,88.0,72.0,59.0,55.0,52.0,45.0,35.0,24.0,21.0,19.0,19.0,19.0,19.0,18.0,17.0,19.0,19.0,24.0,26.0,30.0,32.0,42.0,45.0,42.0,49.0,,,,,,,,,,,,,,,,,,,,,,,,,,,,,,,,,,,,,,,,,,,,,,,,,,
Rock,Stone Temple Pilots,Sour Girl,79.0,79.0,79.0,78.0,78.0,87.0,89.0,88.0,95.0,93.0,91.0,94.0,98.0,,,,,,,,,,,,,,,,,,,,,,,,,,,,,,,,,,,,,,,,,,,,,,,,,,,,,,,,,,,,,,,
Rock,Sugar Ray,Falls Apart,70.0,64.0,54.0,40.0,34.0,29.0,29.0,32.0,32.0,37.0,47.0,49.0,52.0,60.0,76.0,80.0,89.0,97.0,98.0,100.0,,,,,,,,,,,,,,,,,,,,,,,,,,,,,,,,,,,,,,,,,,,,,,,,,,,,,,,,
Rock,TLC,Dear Lie,63.0,55.0,52.0,51.0,56.0,74.0,92.0,,,,,,,,,,,,,,,,,,,,,,,,,,,,,,,,,,,,,,,,,,,,,,,,,,,,,,,,,,,,,,,,,,,,,
Rock,Tamar,If You Don't Wanna Love Me,98.0,98.0,92.0,89.0,92.0,93.0,,,,,,,,,,,,,,,,,,,,,,,,,,,,,,,,,,,,,,,,,,,,,,,,,,,,,,,,,,,,,,,,,,,,,,
Rock,Tamia,Can't Go For That,90.0,86.0,84.0,88.0,97.0,,,,,,,,,,,,,,,,,,,,,,,,,,,,,,,,,,,,,,,,,,,,,,,,,,,,,,,,,,,,,,,,,,,,,,,
Rock,Third Eye Blind,Deep Inside Of You,80.0,73.0,70.0,70.0,70.0,69.0,72.0,79.0,90.0,97.0,95.0,93.0,,,,,,,,,,,,,,,,,,,,,,,,,,,,,,,,,,,,,,,,,,,,,,,,,,,,,,,,,,,,,,,,
Rock,Third Eye Blind,Never Let You Go,65.0,32.0,25.0,24.0,23.0,22.0,22.0,21.0,19.0,16.0,14.0,16.0,16.0,17.0,18.0,21.0,22.0,25.0,27.0,33.0,45.0,46.0,,,,,,,,,,,,,,,,,,,,,,,,,,,,,,,,,,,,,,,,,,,,,,,,,,,,,,
Rock,"Thomas, Carl",Emotional,77.0,63.0,61.0,58.0,54.0,47.0,53.0,52.0,49.0,52.0,60.0,62.0,69.0,69.0,63.0,76.0,87.0,82.0,91.0,99.0,,,,,,,,,,,,,,,,,,,,,,,,,,,,,,,,,,,,,,,,,,,,,,,,,,,,,,,,
Rock,"Thomas, Carl",I Wish,75.0,64.0,48.0,39.0,32.0,28.0,24.0,20.0,22.0,21.0,22.0,26.0,23.0,24.0,27.0,28.0,42.0,44.0,52.0,67.0,,,,,,,,,,,,,,,,,,,,,,,,,,,,,,,,,,,,,,,,,,,,,,,,,,,,,,,,
Rock,"Thomas, Carl",Summer Rain,82.0,82.0,86.0,80.0,82.0,83.0,84.0,82.0,88.0,94.0,95.0,,,,,,,,,,,,,,,,,,,,,,,,,,,,,,,,,,,,,,,,,,,,,,,,,,,,,,,,,,,,,,,,,
Rock,Train,Meet Virginia,76.0,67.0,59.0,54.0,48.0,45.0,40.0,32.0,26.0,24.0,22.0,21.0,21.0,24.0,21.0,20.0,21.0,24.0,28.0,30.0,32.0,37.0,37.0,42.0,46.0,50.0,50.0,,,,,,,,,,,,,,,,,,,,,,,,,,,,,,,,,,,,,,,,,,,,,,,,,
Rock,Tuesday,I Know,98.0,98.0,,,,,,,,,,,,,,,,,,,,,,,,,,,,,,,,,,,,,,,,,,,,,,,,,,,,,,,,,,,,,,,,,,,,,,,,,,
Rock,Usher,Pop Ya Collar,68.0,64.0,60.0,60.0,62.0,79.0,93.0,,,,,,,,,,,,,,,,,,,,,,,,,,,,,,,,,,,,,,,,,,,,,,,,,,,,,,,,,,,,,,,,,,,,,
Rock,Vertical Horizon,Everything You Want,70.0,61.0,53.0,46.0,40.0,33.0,31.0,26.0,22.0,19.0,17.0,15.0,13.0,9.0,9.0,8.0,8.0,6.0,7.0,7.0,8.0,3.0,3.0,6.0,6.0,1.0,2.0,3.0,4.0,7.0,9.0,10.0,18.0,20.0,27.0,29.0,36.0,40.0,50.0,47.0,50.0,,,,,,,,,,,,,,,,,,,,,,,,,,,,,,,,,,,
Rock,Vertical Horizon,You're A God,64.0,55.0,43.0,41.0,37.0,31.0,30.0,29.0,28.0,26.0,23.0,23.0,25.0,32.0,32.0,37.0,37.0,41.0,46.0,48.0,49.0,,,,,,,,,,,,,,,,,,,,,,,,,,,,,,,,,,,,,,,,,,,,,,,,,,,,,,,
Rock,Vitamin C,Graduation (Friends Forever),81.0,64.0,54.0,54.0,46.0,40.0,40.0,40.0,38.0,42.0,57.0,87.0,,,,,,,,,,,,,,,,,,,,,,,,,,,,,,,,,,,,,,,,,,,,,,,,,,,,,,,,,,,,,,,,
Rock,Vitamin C,The Itch,86.0,48.0,45.0,52.0,57.0,58.0,76.0,95.0,100.0,,,,,,,,,,,,,,,,,,,,,,,,,,,,,,,,,,,,,,,,,,,,,,,,,,,,,,,,,,,,,,,,,,,
Rock,"Wallflowers, The",Sleepwalker,73.0,73.0,74.0,80.0,90.0,96.0,,,,,,,,,,,,,,,,,,,,,,,,,,,,,,,,,,,,,,,,,,,,,,,,,,,,,,,,,,,,,,,,,,,,,,
Rock,Westlife,Swear It Again,96.0,82.0,66.0,55.0,55.0,46.0,44.0,44.0,37.0,35.0,32.0,25.0,21.0,20.0,20.0,25.0,30.0,33.0,45.0,56.0,,,,,,,,,,,,,,,,,,,,,,,,,,,,,,,,,,,,,,,,,,,,,,,,,,,,,,,,
Rock,"Williams, Robbie",Angels,85.0,77.0,69.0,69.0,62.0,56.0,56.0,64.0,54.0,53.0,72.0,83.0,81.0,88.0,96.0,93.0,91.0,89.0,95.0,,,,,,,,,,,,,,,,,,,,,,,,,,,,,,,,,,,,,,,,,,,,,,,,,,,,,,,,,
Rock,Zombie Nation,Kernkraft 400,99.0,99.0,,,,,,,,,,,,,,,,,,,,,,,,,,,,,,,,,,,,,,,,,,,,,,,,,,,,,,,,,,,,,,,,,,,,,,,,,,
Rock,matchbox twenty,Bent,60.0,37.0,29.0,24.0,22.0,21.0,18.0,16.0,13.0,12.0,8.0,6.0,1.0,2.0,3.0,2.0,2.0,3.0,4.0,5.0,4.0,4.0,6.0,9.0,12.0,13.0,19.0,20.0,20.0,24.0,29.0,28.0,27.0,30.0,33.0,37.0,38.0,38.0,48.0,,,,,,,,,,,,,,,,,,,,,,,,,,,,,,,,,,,,,
